리뷰,속성,감성,속성키워드_단어
빠른 배송 감사합니다,배송,긍정,빠른
종이 질이 성당히 훌륭하네요,기타,중립,기타
처음엔 휴지가 강해서 좋았는데 쓰다보니 너무 강해서 좀 아픈 것 같아요 ㅎㅎ 적당히 찢어져야 피부에 자극이 덜 한 것 같습니다,피부/안전,긍정,자극
처음엔 휴지가 강해서 좋았는데 쓰다보니 너무 강해서 좀 아픈 것 같아요 ㅎㅎ 적당히 찢어져야 피부에 자극이 덜 한 것 같습니다,피부/안전,긍정,피부
처음엔 휴지가 강해서 좋았는데 쓰다보니 너무 강해서 좀 아픈 것 같아요 ㅎㅎ 적당히 찢어져야 피부에 자극이 덜 한 것 같습니다,피부/안전,부정,자극
처음엔 휴지가 강해서 좋았는데 쓰다보니 너무 강해서 좀 아픈 것 같아요 ㅎㅎ 적당히 찢어져야 피부에 자극이 덜 한 것 같습니다,피부/안전,부정,피부
처음엔 휴지가 강해서 좋았는데 쓰다보니 너무 강해서 좀 아픈 것 같아요 ㅎㅎ 적당히 찢어져야 피부에 자극이 덜 한 것 같습니다,포장,긍정,찢
처음엔 휴지가 강해서 좋았는데 쓰다보니 너무 강해서 좀 아픈 것 같아요 ㅎㅎ 적당히 찢어져야 피부에 자극이 덜 한 것 같습니다,포장,부정,찢
조금 얇긴하지만 가격이 최대 장점이네요 막쓰기 좋아요,사용감,긍정,얇
조금 얇긴하지만 가격이 최대 장점이네요 막쓰기 좋아요,가격/가성비,긍정,가격
제품의 질이 좋아요 감사합니다,기타,긍정,기타
부드럽고 좋아용 사용하기 좋아요,사용감,긍정,부드
킹왕짱!! 걍 좋아요~ 집에서 쓰기에~ ㅎㅎ,기타,긍정,기타
일단 배송이 진짜 빠릅니다. 품질도 좋습니다. 가격대비 합리적으로 잘 쟁여두고 쓰려고 합니다. 감사합니다~!,가격/가성비,긍정,가격
일단 배송이 진짜 빠릅니다. 품질도 좋습니다. 가격대비 합리적으로 잘 쟁여두고 쓰려고 합니다. 감사합니다~!,가격/가성비,긍정,합리
잘받았습니다~ 휴지는 생필품이라 잘쓸꺼같습니다~,기타,중립,기타
항상 잘사용하고 있어요ㅡ좋아요,기타,긍정,기타
좋아요 좋아요 좋아요,기타,긍정,기타
두루마리 휴지는 역시 대왕표,기타,중립,기타
좋아요 재구매한 상품입니다,기타,긍정,기타
빨리와요 싸요 정확한 자리에 와요,배송,중립,빨리
아주 도톰하진 않지만 적당한 가격에 잘 쓰고 있어요,기능/성능,중립,도톰
아주 도톰하진 않지만 적당한 가격에 잘 쓰고 있어요,가격/가성비,중립,가격
단단하고 별다른 단점없이 잘쓰고있습니다,기능/성능,중립,단단
휴지 먼지 별로 없고 좋네요,기타,혼합,기타
감사합니다 저렴하게 구매했어요~,가격/가성비,긍정,저렴
잘사용하고있어요.만족,기타,긍정,기타
부드럽고 좋아용,사용감,긍정,부드
가성비 좋은 상품 5번째 재구매 입니다,가격/가성비,긍정,가성비
"좀 두꺼워서 좋기도 하지만,,",기타,긍정,기타
좋습니다..,기타,긍정,기타
얇지않아서 추천이여 먼지도 잘 안날려서 좋아여,사용감,긍정,얇
굿굿 가성비굿입니다 이주 좋아요,가격/가성비,긍정,가성비
가격과 품질을 보면 이만한 휴지가 있을까 싶습니다.,가격/가성비,중립,가격
두툼하고 가성비좋네요ㅎ많이파세요ㅎ,가격/가성비,긍정,가성비
빠른배송 감사합니다. 든든합니다.,배송,긍정,빠른
만족합니다 만족합니다 만족합니다 만족합니다 만족합니다 만족합니다 만족합니다 만족합니다,기타,긍정,기타
배송 빠르게 도착했습니다.,배송,긍정,도착
배송 빠르게 도착했습니다.,배송,긍정,빠르
빠른배송 좋아요 다음에도 주문할 계획입니다 많이 파세요!,배송,긍정,빠른
재주 주문하던거예요.도톰ㅎㅏ고질좋습니다.,기능/성능,긍정,도톰
배송도 빠르고 화장지 품질도 괜찮네요,배송,긍정,빠르
배송 빠르고 좋아요,배송,긍정,빠르
배송도 빠르고 저렴해요,가격/가성비,긍정,저렴
배송도 빠르고 저렴해요,배송,긍정,빠르
가성비 넘 좋아요 사용해보고 부드러우면 재주문 예정이에요,사용감,긍정,부드
가성비 넘 좋아요 사용해보고 부드러우면 재주문 예정이에요,가격/가성비,긍정,가성비
화장실에서 쓰기에 넘 좋아요,기타,긍정,기타
빠르게 잘 받았습니다. 잘 사용하겠습니다.,배송,긍정,빠르
아주 만족합니다 넉넉하지 좋네요 질도 좋아요 항상 씁니다,기타,긍정,기타
좋아요 잘쓰겠습니다 굿 궁,기타,긍정,기타
가성비에 비해 품질이 좋아서 재구매 했어요.,가격/가성비,긍정,가성비
가성비좋아요 비싼거 살 필요없어욤,가격/가성비,긍정,가성비
먼지도 적고 길고 부드럽네요,사용감,긍정,부드
가정비 짱입니다. 든든해요~,기타,중립,기타
탄탄하고 먼지 날림이 적은 화장지라 애용하고 있어요 잘 쓸께요,기능/성능,중립,탄탄
가격대비 짱짱하고 품질 좋아요,가격/가성비,긍정,가격
가격대비 좋아요 잘쓰겠습니다,가격/가성비,긍정,가격
배송도 빠르고 좋습니다,배송,긍정,빠르
도톰해서 또구매했어요. 많이파세요,기능/성능,중립,도톰
배송 빠르고 좋아요 휴지 크기는 살짝 작은데 먼지날림없어요,배송,긍정,빠르
빠르게 잘 받았습니다. 잘 쓸게요~,배송,긍정,빠르
우선 가격이 많이 저렴해서 만족합니다 대용량이구 다른건 기대안합니다,가격/가성비,긍정,가격
우선 가격이 많이 저렴해서 만족합니다 대용량이구 다른건 기대안합니다,가격/가성비,긍정,저렴
구매평이 좋아서 시켜봤지만 아직아요전이예요 써보고 다시 구매평 쓸께요,기타,긍정,기타
빠른배송 감사합니다. 잘쓰겠습니다.,배송,긍정,빠른
만족합니다.. 감사합니다,기타,긍정,기타
늘 사용하던 상품입니다.,기타,중립,기타
가성비 좋아요 잘 쓰겠습니다,가격/가성비,긍정,가성비
늘 쓰는거라 봰찮아요,기타,중립,기타
휴지가 도톰하고 먼지가 별로 없고 좋아요 저렴한 가격에 3팩 겟했네요~,기능/성능,긍정,도톰
휴지가 도톰하고 먼지가 별로 없고 좋아요 저렴한 가격에 3팩 겟했네요~,기능/성능,부정,도톰
휴지가 도톰하고 먼지가 별로 없고 좋아요 저렴한 가격에 3팩 겟했네요~,가격/가성비,긍정,가격
휴지가 도톰하고 먼지가 별로 없고 좋아요 저렴한 가격에 3팩 겟했네요~,가격/가성비,긍정,저렴
휴지가 도톰하고 먼지가 별로 없고 좋아요 저렴한 가격에 3팩 겟했네요~,가격/가성비,부정,가격
휴지가 도톰하고 먼지가 별로 없고 좋아요 저렴한 가격에 3팩 겟했네요~,가격/가성비,부정,저렴
좋아요 좋아요 좋아요 ㅎㅎ,기타,긍정,기타
잘받앗습니다 가성비 좋네여,가격/가성비,긍정,가성비
단단하고 도톰해요,기능/성능,중립,단단
단단하고 도톰해요,기능/성능,중립,도톰
잘 사용하고 있습니다. 만족합니다~,기타,긍정,기타
오늘 첨 뜯었는데 휴지안에 벌레 들어있어요ㅠ,기타,중립,기타
좋아요~~,기타,긍정,기타
빠른배송 감사합니다 잘쓰겠습니다,배송,긍정,빠른
쿠팡보다 훨씬싸게 구매했어요~,기타,중립,기타
가격대비쓸만하네요가성비,가격/가성비,중립,가격
가격대비쓸만하네요가성비,가격/가성비,중립,가성비
빠른배송에 가성비까지!! 최고에용~,가격/가성비,긍정,가성비
빠른배송에 가성비까지!! 최고에용~,배송,긍정,빠른
두께도 좋고 가격도 좋아요.,가격/가성비,긍정,가격
가루날림이 거의 없는 화장지라 이것만 쓰게 되네요. 최고!,기타,긍정,기타
가성비 좋구요 배송도 빠르고,가격/가성비,긍정,가성비
가성비 좋구요 배송도 빠르고,배송,긍정,빠르
휴지가 사용하기 좋습니다 내구성 굿,기능/성능,긍정,내구
2년은 쓰겠어요 최고,기타,긍정,기타
가성비가 좋아서 자주 구매해요,가격/가성비,긍정,가성비
"신속하게 도착하고 품질 대만족, 3번째 구매함",배송,긍정,도착
싸고 질도 괜찮아요,기타,긍정,기타
맘에 든거는 휴지가루가 많이 안날려서 만족합니다,기타,긍정,기타
좋아요 ~~,기타,긍정,기타
빠른배송감사합니다 싸게잘샀습니다 또구매할께요,배송,긍정,빠른
휴지가 떨어져서 쟁여놓을라고 구매했습니다! 일단 양은 많아서 좋아용,기타,긍정,기타
부드럽고 두툼하네요. 쓰던 화장지보다 2장은 절약돼요,사용감,긍정,부드
화장지 품질이 매우 우수합니다,기타,중립,기타
안부스러지고 좋아요. 그리고 너무 앏지도 않아요.,기타,긍정,기타
화장지가 좋아보여요,기타,긍정,기타
배송빠르고 적당합니다~,배송,긍정,빠르
가성비 좋아요.매번 주문하는 제품이에요,가격/가성비,긍정,가성비
배송도 빠르고 좋아요,배송,긍정,빠르
가격 착하고 넉넉해서 좋넹ㅅ 상품질도 좋아요,가격/가성비,긍정,가격
저렴하게 구매했네요 아직사용전이지만 한동안은 구매안해도되겠어요,가격/가성비,중립,저렴
화장지 부드러운데여~,사용감,긍정,부드
항상 사용하는 제품입니다 넉넉하고 부드럽고 만족합니다 재구매 의사 있어요,사용감,긍정,부드
부드럽네요 아주 잘쓰고있습니다,사용감,긍정,부드
배송도 빠르고 좋네요~,배송,긍정,빠르
평범하게 괜찮았어요 어떤 건 얼룩같은 게 있긴 했는데 그건 그냥 휴지 특성상 원래 가끔 있는 그런 거 같아서 그냥 씀,기타,긍정,기타
그냥저냥의화장지 잘쓰고있습니다,기타,중립,기타
너무 좋네요용ㅋㅋㅋ,기타,긍정,기타
휴지는 항상 여기서삽니다ㅎ,기타,중립,기타
빠른배송 감사합니다~잘 쓰겠습니다~~,배송,긍정,빠른
가격도 좋아요 배송완전 빨라요,가격/가성비,긍정,가격
Gggooodddvvviiippp,기타,중립,기타
싸고 좋아요 어른집에 배달해드렸네요,기타,긍정,기타
늘 재주문 하는 재품 너무 좋와요,기타,긍정,기타
종이 부드럽고 좋아요.빠른배송 좋아요,사용감,긍정,부드
종이 부드럽고 좋아요.빠른배송 좋아요,배송,긍정,빠른
잘 닦이고 품질이 너무 좋아요,기타,긍정,기타
양도 많고 반려견 두마리 키우는 집이라 휴지 쓸일이 많은데 가격도 합리적이고 좋아요 ㅎㅎ 재구매 예정 입니다 !,가격/가성비,긍정,가격
양도 많고 반려견 두마리 키우는 집이라 휴지 쓸일이 많은데 가격도 합리적이고 좋아요 ㅎㅎ 재구매 예정 입니다 !,가격/가성비,긍정,합리
화장지~ 여기서 구매 해봤는데 좋으네요~다음에 또 주문 하겠습니다,기타,긍정,기타
좋습니다!!잘 쓰겠습니다,기타,긍정,기타
한번써보고 가성비도 괜찮아요 또시켜서 잘쓰고있어요,가격/가성비,긍정,가성비
배송 진짜 빠르고 가격이 저렴해요,가격/가성비,긍정,가격
배송 진짜 빠르고 가격이 저렴해요,가격/가성비,긍정,저렴
배송 진짜 빠르고 가격이 저렴해요,배송,긍정,빠르
가성비좋게 첫 구매합니다~앞으로도 자주 사용할 것 같습니다! 강추입니다 :),가격/가성비,긍정,가성비
빠른배송 감사합니다.,배송,긍정,빠른
보풀이나 가루 안날려서 넘 좋아요 진짜 깔끔하네요,기타,긍정,기타
요즘 이것만 사용하게 되네요,기타,중립,기타
롤앤롤 프리미엄은 진짜 프리미엄이네요,기타,중립,기타
빠른배송 좋아요 무난하게 사용하는 제품이에요,배송,긍정,빠른
잘받았습니다 두고두고써야지,기타,중립,기타
양이많아 좋네요 ᆢ 재질은 보통이에요,기타,긍정,기타
주문해봤는데 너무 좋네요,기타,긍정,기타
와~~우 대박 배송빠르네요 다음날 바로~~ 일단 잘 받았어요,배송,긍정,빠르
빠른배송 감사합니다. 깨끗하고 롤 쿠션이 다는 상품에 비해 좋은것 같아요,배송,긍정,빠른
만족합니다 만족합니다,기타,긍정,기타
쓸만합니다 또 주문할게요,기타,중립,기타
좋아요 잘쓰겠습니다,기타,긍정,기타
항상 고마워 잘쓰겠습니다 감사합니다,기타,긍정,기타
화장지가 똑 떨어졌는데 빨리 배송돼서 잘 쓰고있어요,배송,중립,빨리
할인된 가격으로 넉넉하게 구매할 수 있었어요. 1년 내내 걱정없네요ㅎㅎ,가격/가성비,긍정,가격
할인된 가격으로 넉넉하게 구매할 수 있었어요. 1년 내내 걱정없네요ㅎㅎ,가격/가성비,긍정,할인
쓰기 편하고 좋네요,사용감,긍정,편하
좋아요 감사합니다,기타,긍정,기타
배송도 빠르고 좋습니다. 번창하세요!,배송,긍정,빠르
빠른배송 감사합니다,배송,긍정,빠른
항상 사용하고 있어요,기타,중립,기타
예전에는 50 알 이라 금방 떨어져 재구매 해ㅛ는데 112정 이라 좋으네요,기타,긍정,기타
저렴하게 잘사서 잘 쓰고 있습니다.,가격/가성비,중립,저렴
3겹이라 좋습니다,기타,긍정,기타
또 재구매 재구매 의사있 습 니다,기타,긍정,기타
좋은 제품 저렴하게 잘 샀네요.,가격/가성비,긍정,저렴
잘 사용하고 있습니다,기타,중립,기타
빠른배송 좋은 품질 감사합니다.,배송,긍정,빠른
휴지가 부드러워서 느좋,사용감,긍정,부드
항상 사용하는 제품입니다 매번 다 사용하면 주문하는데 배송도 빠르고 제품도 좋아요,배송,긍정,빠르
두께도 적당하고 가성비 굿입니다 재구매 의사 있어요,가격/가성비,긍정,가성비
감사합니다 잘쓸게요,기타,긍정,기타
배송 빠르고 좋습니다.,배송,긍정,빠르
"잘쓸게요. 번창하세요,",기타,중립,기타
가성비 좋아요 너무 많이 와서 보관이 힘들지만 그래도 잘 구입한듯합니다,가격/가성비,긍정,가성비
조아요 조아요 조아 조아 조아요 조아요,기타,긍정,기타
좋아요 재구매 예정입니다,기타,긍정,기타
먼지덜나고 가성비 좋아요,가격/가성비,긍정,가성비
가성비좋은것같습니다,가격/가성비,긍정,가성비
가격대비재품이괜찬았네요,가격/가성비,중립,가격
배송도 빠르고 무엇보다 제품의 질이 생각보다 좋아서 대만족입니다,배송,긍정,빠르
폭이 짧아 실망 했음,기타,부정,기타
3겹이라 쓰기가 좋네요 다음에도 계속 이용할께요,기타,긍정,기타
너무너무너무 좋아요,기타,긍정,기타
유용하게 잘 사용중입니다~,기타,중립,기타
아직 써보진 않았지안 묵직한게 가격대비 좋은 것 같습니다~,가격/가성비,긍정,가격
종이심에 휴지가 떨어지지않아 불편,사용감,부정,불편
좋습니다요 좋습니다요 ㅎㅎ,기타,긍정,기타
톡톡하니 좋아여. 항상 주문하는 제품.. 강추임당..,기타,긍정,기타
도톰하고 부드러워요,기능/성능,긍정,도톰
도톰하고 부드러워요,사용감,긍정,부드
빠른배송 잘쓰겠습니다 ㅎㅎ,배송,중립,빠른
가성비 좋은 화장지,가격/가성비,긍정,가성비
몇년째 쓰고 있어요.좋아요 좋아요 좋아용,기타,긍정,기타
손님이 많아서 휴지 금방 떨어진다고 해서 주문했어요 만족,기타,긍정,기타
배송빠르고저렴해요!,가격/가성비,긍정,저렴
배송빠르고저렴해요!,배송,긍정,빠르
올록볼록 화장지라 사용할 때 부드럽게흡수되며 얇지않고 적당해서 많이 뜯어쓰지않아도되고 처음 풀림이 좋아서 낭비도없고 아주 좋아여.,기능/성능,긍정,흡수
올록볼록 화장지라 사용할 때 부드럽게흡수되며 얇지않고 적당해서 많이 뜯어쓰지않아도되고 처음 풀림이 좋아서 낭비도없고 아주 좋아여.,사용감,긍정,부드
올록볼록 화장지라 사용할 때 부드럽게흡수되며 얇지않고 적당해서 많이 뜯어쓰지않아도되고 처음 풀림이 좋아서 낭비도없고 아주 좋아여.,사용감,긍정,얇
가성비 굿 또 구매할게요 번창하세요,가격/가성비,중립,가성비
배송빠르고 매우만족 합니다,배송,긍정,빠르
가성비가 좋은 제품을 구매해서 좋아합니다,가격/가성비,긍정,가성비
배송도빠르고 촉감도 좋내요 다음에 재구매 해야겠내여,사용감,긍정,촉감
배송도빠르고 촉감도 좋내요 다음에 재구매 해야겠내여,배송,긍정,빠르
말할것도 없죠 뽀송하니 좋아요,기타,긍정,기타
벌써 몇번의 재구매인지 모르겠습니다 늘 잘쓰고있습니다,기타,긍정,기타
좋아서 자주 사용해요 추천드립니다,기타,긍정,기타
좋아요 배송두 빠르구 깔끔하게 배송왔습니다,배송,긍정,빠르
만족합니다..두께도 괜춘하고..,기타,긍정,기타
배송빠르고 좋아요 ㅎㅎ,배송,긍정,빠르
빠른배송 감사합니다!,배송,긍정,빠른
처음 사용해보는 제품인데 부드럽고 먼지날림이 없네요~,사용감,긍정,부드
가성비 좋아요~~,가격/가성비,긍정,가성비
만족스러운구매입니다 아직 사용전이지만 후기 보고 구매해서 좋겠다싶어요 앞으로도계속이용해서 구매할게여,기타,긍정,기타
엄마께서 휴지 좋은거 사달라고 해서 사드렸는데 좋대요 안좋으면 말하시는데 좋대요,기타,긍정,기타
항상 애용하고 있습니다. 빠른배송감사합니다.,배송,긍정,빠른
빠른 배송 및 품질이 좋아요,배송,긍정,빠른
빠른 배송 감사드려요 항상 잘 쓰고 있어요 가성비 좋고 단골입니다,가격/가성비,긍정,가성비
빠른 배송 감사드려요 항상 잘 쓰고 있어요 가성비 좋고 단골입니다,배송,긍정,빠른
최고입니다. 가격도 괜찮았습니닺,가격/가성비,긍정,가격
품질보다 가격 보고 휴지 샀다가 품질이 기대 이하인적 많았는데 이건 정말 기대 이상이네요. 강력 추천,가격/가성비,긍정,가격
품질이 좋고 부드러워요,사용감,긍정,부드
아직 쓰던 화장지가 남아있어서 쓰지않아서 제품리뷰는 다음에 배송은 주문후 바로 다음날 도착했네요 제품도 안쪽에 넣어달라는 부탁도 잘 들어주셔서 배송기사님께도 감사하네요 쿠팡 탈하고 첫주문이 만족스럽네요,배송,긍정,도착
생각보단 얇아요. 그래도 쓸만해요,사용감,중립,얇
너무 좋아요 가성비도 훌륭하고,가격/가성비,긍정,가성비
가성비가 좋고 또 이용할 것 같습니다,가격/가성비,긍정,가성비
후기가 좋아서 구매합니다. 배송도 빠르고 사용감도 좋습니다.,배송,긍정,빠르
느낌 괜찮네요. 잘사용하겠습니다,기타,긍정,기타
휴지도 도톰하고 배송도 빠르고 양도 많아서 만족합니다.,기능/성능,긍정,도톰
휴지도 도톰하고 배송도 빠르고 양도 많아서 만족합니다.,배송,긍정,빠르
항상 주문합니다. 양 많고 질도좋아 오래 씁니다~ 이번도 잘쓰겠습니다,기타,긍정,기타
배송도 빠르고 화장지가 많으니 부자된 느낌입니다,배송,긍정,빠르
빠른 배송 감사 합니다.,배송,긍정,빠른
잘쓸께요.한동안 잘 쓰겠어요,기타,중립,기타
이거만사용하고잇습니다,기타,중립,기타
다른건 다 괜찮은데 냄새 맡아보니 화학약품 냄새가 많이 났어요. 좀 걱정되는데 그래도 텄으니 써야죠 다시 시키진 않을듯 합니다.,기능/성능,긍정,새
다른건 다 괜찮은데 냄새 맡아보니 화학약품 냄새가 많이 났어요. 좀 걱정되는데 그래도 텄으니 써야죠 다시 시키진 않을듯 합니다.,기능/성능,부정,새
다른건 다 괜찮은데 냄새 맡아보니 화학약품 냄새가 많이 났어요. 좀 걱정되는데 그래도 텄으니 써야죠 다시 시키진 않을듯 합니다.,냄새/향,긍정,냄새
다른건 다 괜찮은데 냄새 맡아보니 화학약품 냄새가 많이 났어요. 좀 걱정되는데 그래도 텄으니 써야죠 다시 시키진 않을듯 합니다.,냄새/향,부정,냄새
맛있습니다 매달시켜머거요,기타,중립,기타
좋아요~~좋아요~~양많고 가격저렴하고 좋습니딘,가격/가성비,긍정,가격
좋아요~~좋아요~~양많고 가격저렴하고 좋습니딘,가격/가성비,긍정,저렴
일상용으로 쓰기 좋아요,기타,긍정,기타
가성비가 좋아 매일 사용하고 있어요!,가격/가성비,긍정,가성비
배송도빠르고좋아요 잘쓸게요,배송,긍정,빠르
배송빠르고 가성비 좋아요. 제품이 좋은지는 아직사용 전이라 배송받은사진오립니다. 감사합니다.,가격/가성비,긍정,가성비
배송빠르고 가성비 좋아요. 제품이 좋은지는 아직사용 전이라 배송받은사진오립니다. 감사합니다.,배송,긍정,빠르
저렴하고 많이 고급지진 않지만 가격대비 완전 좋아요,가격/가성비,긍정,가격
저렴하고 많이 고급지진 않지만 가격대비 완전 좋아요,가격/가성비,긍정,저렴
양많고 얇지않고 향이 안들어 있어서 좋습니다,사용감,긍정,얇
양많고 얇지않고 향이 안들어 있어서 좋습니다,냄새/향,긍정,향
늘 사용하던 제품이예요. 저렴하게 잘 구매했습니다,가격/가성비,중립,저렴
가성비좋은 도톰한 화장지 잘쓰겠습니다.,기능/성능,긍정,도톰
가성비좋은 도톰한 화장지 잘쓰겠습니다.,가격/가성비,긍정,가성비
배송빠르고 매우 만족합니다,배송,긍정,빠르
좋습니다 좋아요 굿굿,기타,긍정,기타
갑자기 똑 떨어진 화장지에 주문.저렴 양 많음 하지만 좀 얇아서 별하나 빼요.,사용감,중립,얇
갑자기 똑 떨어진 화장지에 주문.저렴 양 많음 하지만 좀 얇아서 별하나 빼요.,가격/가성비,중립,저렴
화장지가 얇지만 가성비 좋아요. 지난 번에 이어 두번째 구매하네요.,사용감,긍정,얇
화장지가 얇지만 가성비 좋아요. 지난 번에 이어 두번째 구매하네요.,가격/가성비,긍정,가성비
가성비좋아 재구매하고 있어요.,가격/가성비,긍정,가성비
얇아요 싼맛에써요..,사용감,중립,얇
도톰하니 쓰기좋아요,기능/성능,긍정,도톰
가격대비 괜찮은 제품입니다.,가격/가성비,긍정,가격
조금 뻣뻣하긴 한데 먼지는 덜 나는것같아요. 잘쓸께요,기타,중립,기타
가성비가 아주 좋은 제품 입니다,가격/가성비,긍정,가성비
리뷰가 좋아서 구매하게 되었는데 직접 써보니 만족해요~~ 먼지도 덜나고 다쓰고 재구매각이예요~~ 저렴히 잘 샀습니다,가격/가성비,긍정,저렴
배송 정말 빠르고 항시 여기서 만시키고 있습니다,배송,긍정,빠르
좋아요 제일마음에듭니다!!,기타,긍정,기타
잘 받았어요 많이 파세요,기타,중립,기타
저렴하게 잘 샀어요,가격/가성비,중립,저렴
도톰하니좋습니다~~,기능/성능,긍정,도톰
항상 만족하게 사용하고있습니다,기타,긍정,기타
빠르고 정확하게 받았어요 아직 사용하진 않고 보관해두었어요,배송,긍정,빠르
싸게 잘 샀습니다.,기타,중립,기타
가격 저렴하고 질도 괜찮은 편이예요,가격/가성비,긍정,가격
가격 저렴하고 질도 괜찮은 편이예요,가격/가성비,긍정,저렴
가상비 좋고 품질도 좋아 늘 애용하는 제품입니다 번창하세요,기타,긍정,기타
주문 빠르고 잘쓰고있습니다,배송,긍정,빠르
잘쓰고 있습니다 좋아요,기타,긍정,기타
빠른 배송 감사드립니다.,배송,긍정,빠른
잘 받았습니다 좋으면 또 살게요,기타,긍정,기타
배송다음날왔어요ㆍ화장지 품질 좋고 가격싸요ㆍ두께도톰해서 조금만 써도 되요ㆍ30m,기능/성능,긍정,도톰
배송다음날왔어요ㆍ화장지 품질 좋고 가격싸요ㆍ두께도톰해서 조금만 써도 되요ㆍ30m,가격/가성비,긍정,가격
항상 쓰는 제품 좋아요 좋아요 좋아요,기타,긍정,기타
잘 받았어요 감사합니다,기타,긍정,기타
보드러워서 쓰기좋넹ᆢㄷ,기타,긍정,기타
좋아요 ~나쁘지않습니당,기타,혼합,기타
아주 훌륭한데 금액도 쌈,기타,중립,기타
전에 구입했던거라 이 가격에 이정도면하고 구입했는데 질 떨어진듯하고 가격은 올랐더군요 프리미엄을 구입했어야 했나봐요,가격/가성비,중립,가격
배송빠르고 품질좋구요,배송,긍정,빠르
좋은 가격에 빠른 배송 맘에 들어요,가격/가성비,긍정,가격
좋은 가격에 빠른 배송 맘에 들어요,배송,긍정,빠른
가성비 최구~~ 감사합니다,가격/가성비,긍정,가성비
화장지 사러 가기 귀찮아 주문했는데 좋아요,기타,긍정,기타
좋아용~ 잘 사용하겠숨돵,기타,긍정,기타
써도써도 줄지않는 느낌 도톰하고 길이좋네요,기능/성능,긍정,도톰
좋아요 좋아요 좋아요 좋아요 좋아요 좋아요,기타,긍정,기타
양도 좋고 제질도 좋아요,기타,긍정,기타
후기 많아서 구매해봤어요. 후기처럼 좋길!!,기타,긍정,기타
배송빠르고 두껍고 좋네요,사용감,긍정,두껍
배송빠르고 두껍고 좋네요,배송,긍정,빠르
배송빠르고 잘사용하겠습니다,배송,긍정,빠르
항상 쓰고 있어요 너무 좋아요,기타,긍정,기타
롤을 봤을때 흐물해보였는데 풀어서 써보니 탄력있고 부드러워 좋네요,사용감,긍정,부드
배송도 빠르고 제품도 만족합니다 감사합니다,배송,긍정,빠르
가격도 좋은데 휴지도 괜찮네요,가격/가성비,긍정,가격
빠른 배송 감사합니다 잘 받았습니다 많이 파세요,배송,긍정,빠른
N번째구매입니다. 쓰기부드럽고 좋아요.,사용감,긍정,부드
가격좋고 양도많아요,가격/가성비,긍정,가격
만족합니다 수고하세요,기타,긍정,기타
가성비 짱이네요. 잘산것같아요.,가격/가성비,중립,가성비
묵직한것이 최고네요ㅎㅎㅎ,기타,긍정,기타
착한가격으로 좋은상품 구매했습니다.,가격/가성비,긍정,가격
좋아요좋아요 좋아요~~,기타,긍정,기타
한번에 많이 사서 쟁여두고 쓰기 젛아요.,기타,중립,기타
퀄리티가 생각 이상으로 좋아요,기타,긍정,기타
조아요 조아요 조아요 조아요 조아요 조아요 조아요 조아요,기타,긍정,기타
잘쓸께요~좋아요!!,기타,긍정,기타
포장이 튼튼하게 잘 되어 있어서 파손없이 잘 배송되었습니다.,포장,부정,파손
예전에 사용한 화장지인데 좋아서 재구매합니다,기타,긍정,기타
좋은제품 빠른배송!,배송,긍정,빠른
깔끔하게 이중포장되어 배송와서 잘받았네요 상품도 좋고 하자없이 빠르게와서 좋아요ㅎㅎ자주이용할게요,배송,긍정,빠르
가격은 저렴해요. 먼지날림도 별로없어서 괜찮은데. ..3겹이라하기에는 ..너무 얇아요,사용감,긍정,얇
가격은 저렴해요. 먼지날림도 별로없어서 괜찮은데. ..3겹이라하기에는 ..너무 얇아요,가격/가성비,긍정,가격
가격은 저렴해요. 먼지날림도 별로없어서 괜찮은데. ..3겹이라하기에는 ..너무 얇아요,가격/가성비,긍정,저렴
감사합니다 잘쓸께요,기타,긍정,기타
화장지가 좀 얇은 감은 있지만 막 쓰기 좋아요,사용감,긍정,얇
좋은 제품 감사합니다!,기타,긍정,기타
금방 와서 좋아요 재구매의사 있어요,기타,긍정,기타
먼지가 약간 날려요,기타,중립,기타
좋아요!!,기타,긍정,기타
배송빠르고 먼지 진짜안나요 조금 거칠긴함,사용감,긍정,거칠
배송빠르고 먼지 진짜안나요 조금 거칠긴함,배송,긍정,빠르
먼지안나고 도톰하니 좋습니다 빠른배송도 좋았습니다,기능/성능,긍정,도톰
먼지안나고 도톰하니 좋습니다 빠른배송도 좋았습니다,배송,긍정,빠른
싼가격에 잘샀네요 잘쓸께요,가격/가성비,중립,가격
매번 여기꺼 써요 좋라요,기타,긍정,기타
상품 질도 좋고 양도 많아 좋습니다,기타,긍정,기타
배송도 빠르고 가성비도 좋네요.,가격/가성비,긍정,가성비
배송도 빠르고 가성비도 좋네요.,배송,긍정,빠르
부드러워요 잘 쓰고 있습니다,사용감,긍정,부드
배송이 엄청빠르네요 아직써본진 않았지만 좋을거라 생각해요,배송,긍정,빠르
매번 구매해서 잘 쓰고 있어요,기타,중립,기타
저렴한 가격에 구입해서 좋고 휴지가 얇지 않아서 좋아요 배송도 빨라서 굿,사용감,긍정,얇
저렴한 가격에 구입해서 좋고 휴지가 얇지 않아서 좋아요 배송도 빨라서 굿,가격/가성비,긍정,가격
저렴한 가격에 구입해서 좋고 휴지가 얇지 않아서 좋아요 배송도 빨라서 굿,가격/가성비,긍정,저렴
배송 빠르고 좋아여,배송,긍정,빠르
가성비 좋습니다 !!,가격/가성비,긍정,가성비
좋아요잘쓰고있어요 굿굿,기타,긍정,기타
싸고 좋아요. 잘 쓰고 있습니다.,기타,긍정,기타
가성비가 짱이다!!,가격/가성비,중립,가성비
다시 주문했어요 ㅎㅎ,기타,중립,기타
가격 후기 보고 좋아서 처음구매해 봅니다,가격/가성비,긍정,가격
배송 빠르고 좋네요 제품은 아직 써보기 전이지만 후기가 좋아 믿어봅니다,배송,긍정,빠르
처음써보는 브랜드여서 기대됩니다,기타,중립,기타
항상 잘 이용하고 있습니다!!,기타,중립,기타
좋읍니다요..,기타,긍정,기타
아주. 좋아요. 추천.,기타,긍정,기타
계속 재구매하고 있어요,기타,긍정,기타
엄청 부드럽진 않은데 금액 대비 좋아요. 그리고 펄프가루가 안 날려서 좋아요.,사용감,긍정,부드
잘 사용하고 있어요~~,기타,중립,기타
잘 사용하고 있어요~,기타,중립,기타
가격착하고 질도 좋아요 이젠 이걸로 정착해야 겠어요,가격/가성비,긍정,가격
가성비가좋아요.배송도 빨라요.,가격/가성비,긍정,가성비
빠른 코드발송좋아뇨 자부아용중,배송,긍정,빠른
휴지가 부드럽고 좋아요~ 용량 만족,사용감,긍정,부드
가격이 착하고 먼지도 별로 안나고 좋아요,가격/가성비,긍정,가격
가격이 착하고 먼지도 별로 안나고 좋아요,가격/가성비,부정,가격
"물 떨어지듯이 사라지는 생활필수품 중에 하나가 바로 휴지잖아요. 이번에 아예 고민 끝에 6개월치 휴지를 한 번에 주문했는데, 결론부터 말하자면 정말 만족이에요 우선 가장 좋았던 건 마음의 여유예요. ldquo휴지 떨어졌나?rdquo 하고 수시로 확인할 필요도 없고, 급하게 마트 뛰어갈 일도 없어졌어요. 집 한 켠에 쌓여 있는 휴지 보면서 괜히 든든한 느낌까지 들더라고요. 품질도 기대 이상이었어요. 너무 얇지도 두껍지도 않은 딱 적당한 두께라서, 한 번 사용해도 쉽게 찢어지지 않고 부드러워서 피부 자극이 거의 없었어요. 먼지 날림도 적어서 화장실 사용 후에도 깔끔한 느낌이 남는 게 특히 좋았고요. 물에 닿았을 때 풀어짐도 적어서 변기 막힘 걱정 없이 사용할 수 있었어요. 가성비도 정말 만족스러웠어요. 소량으로 자주 사는 것보다 확실히 가격 부담이 적고, 배송까지 한 번에 오니까 시간middot교통비 다 아낀 기분이에요. 박스 포장도 깔끔하게 와서 보관하기도 편했고, 습기만 조심하면 장기간 보관도 문제없을 것 같아요.",사용감,긍정,두껍
"물 떨어지듯이 사라지는 생활필수품 중에 하나가 바로 휴지잖아요. 이번에 아예 고민 끝에 6개월치 휴지를 한 번에 주문했는데, 결론부터 말하자면 정말 만족이에요 우선 가장 좋았던 건 마음의 여유예요. ldquo휴지 떨어졌나?rdquo 하고 수시로 확인할 필요도 없고, 급하게 마트 뛰어갈 일도 없어졌어요. 집 한 켠에 쌓여 있는 휴지 보면서 괜히 든든한 느낌까지 들더라고요. 품질도 기대 이상이었어요. 너무 얇지도 두껍지도 않은 딱 적당한 두께라서, 한 번 사용해도 쉽게 찢어지지 않고 부드러워서 피부 자극이 거의 없었어요. 먼지 날림도 적어서 화장실 사용 후에도 깔끔한 느낌이 남는 게 특히 좋았고요. 물에 닿았을 때 풀어짐도 적어서 변기 막힘 걱정 없이 사용할 수 있었어요. 가성비도 정말 만족스러웠어요. 소량으로 자주 사는 것보다 확실히 가격 부담이 적고, 배송까지 한 번에 오니까 시간middot교통비 다 아낀 기분이에요. 박스 포장도 깔끔하게 와서 보관하기도 편했고, 습기만 조심하면 장기간 보관도 문제없을 것 같아요.",사용감,긍정,부드
"물 떨어지듯이 사라지는 생활필수품 중에 하나가 바로 휴지잖아요. 이번에 아예 고민 끝에 6개월치 휴지를 한 번에 주문했는데, 결론부터 말하자면 정말 만족이에요 우선 가장 좋았던 건 마음의 여유예요. ldquo휴지 떨어졌나?rdquo 하고 수시로 확인할 필요도 없고, 급하게 마트 뛰어갈 일도 없어졌어요. 집 한 켠에 쌓여 있는 휴지 보면서 괜히 든든한 느낌까지 들더라고요. 품질도 기대 이상이었어요. 너무 얇지도 두껍지도 않은 딱 적당한 두께라서, 한 번 사용해도 쉽게 찢어지지 않고 부드러워서 피부 자극이 거의 없었어요. 먼지 날림도 적어서 화장실 사용 후에도 깔끔한 느낌이 남는 게 특히 좋았고요. 물에 닿았을 때 풀어짐도 적어서 변기 막힘 걱정 없이 사용할 수 있었어요. 가성비도 정말 만족스러웠어요. 소량으로 자주 사는 것보다 확실히 가격 부담이 적고, 배송까지 한 번에 오니까 시간middot교통비 다 아낀 기분이에요. 박스 포장도 깔끔하게 와서 보관하기도 편했고, 습기만 조심하면 장기간 보관도 문제없을 것 같아요.",사용감,긍정,얇
"물 떨어지듯이 사라지는 생활필수품 중에 하나가 바로 휴지잖아요. 이번에 아예 고민 끝에 6개월치 휴지를 한 번에 주문했는데, 결론부터 말하자면 정말 만족이에요 우선 가장 좋았던 건 마음의 여유예요. ldquo휴지 떨어졌나?rdquo 하고 수시로 확인할 필요도 없고, 급하게 마트 뛰어갈 일도 없어졌어요. 집 한 켠에 쌓여 있는 휴지 보면서 괜히 든든한 느낌까지 들더라고요. 품질도 기대 이상이었어요. 너무 얇지도 두껍지도 않은 딱 적당한 두께라서, 한 번 사용해도 쉽게 찢어지지 않고 부드러워서 피부 자극이 거의 없었어요. 먼지 날림도 적어서 화장실 사용 후에도 깔끔한 느낌이 남는 게 특히 좋았고요. 물에 닿았을 때 풀어짐도 적어서 변기 막힘 걱정 없이 사용할 수 있었어요. 가성비도 정말 만족스러웠어요. 소량으로 자주 사는 것보다 확실히 가격 부담이 적고, 배송까지 한 번에 오니까 시간middot교통비 다 아낀 기분이에요. 박스 포장도 깔끔하게 와서 보관하기도 편했고, 습기만 조심하면 장기간 보관도 문제없을 것 같아요.",사용감,부정,두껍
"물 떨어지듯이 사라지는 생활필수품 중에 하나가 바로 휴지잖아요. 이번에 아예 고민 끝에 6개월치 휴지를 한 번에 주문했는데, 결론부터 말하자면 정말 만족이에요 우선 가장 좋았던 건 마음의 여유예요. ldquo휴지 떨어졌나?rdquo 하고 수시로 확인할 필요도 없고, 급하게 마트 뛰어갈 일도 없어졌어요. 집 한 켠에 쌓여 있는 휴지 보면서 괜히 든든한 느낌까지 들더라고요. 품질도 기대 이상이었어요. 너무 얇지도 두껍지도 않은 딱 적당한 두께라서, 한 번 사용해도 쉽게 찢어지지 않고 부드러워서 피부 자극이 거의 없었어요. 먼지 날림도 적어서 화장실 사용 후에도 깔끔한 느낌이 남는 게 특히 좋았고요. 물에 닿았을 때 풀어짐도 적어서 변기 막힘 걱정 없이 사용할 수 있었어요. 가성비도 정말 만족스러웠어요. 소량으로 자주 사는 것보다 확실히 가격 부담이 적고, 배송까지 한 번에 오니까 시간middot교통비 다 아낀 기분이에요. 박스 포장도 깔끔하게 와서 보관하기도 편했고, 습기만 조심하면 장기간 보관도 문제없을 것 같아요.",사용감,부정,부드
"물 떨어지듯이 사라지는 생활필수품 중에 하나가 바로 휴지잖아요. 이번에 아예 고민 끝에 6개월치 휴지를 한 번에 주문했는데, 결론부터 말하자면 정말 만족이에요 우선 가장 좋았던 건 마음의 여유예요. ldquo휴지 떨어졌나?rdquo 하고 수시로 확인할 필요도 없고, 급하게 마트 뛰어갈 일도 없어졌어요. 집 한 켠에 쌓여 있는 휴지 보면서 괜히 든든한 느낌까지 들더라고요. 품질도 기대 이상이었어요. 너무 얇지도 두껍지도 않은 딱 적당한 두께라서, 한 번 사용해도 쉽게 찢어지지 않고 부드러워서 피부 자극이 거의 없었어요. 먼지 날림도 적어서 화장실 사용 후에도 깔끔한 느낌이 남는 게 특히 좋았고요. 물에 닿았을 때 풀어짐도 적어서 변기 막힘 걱정 없이 사용할 수 있었어요. 가성비도 정말 만족스러웠어요. 소량으로 자주 사는 것보다 확실히 가격 부담이 적고, 배송까지 한 번에 오니까 시간middot교통비 다 아낀 기분이에요. 박스 포장도 깔끔하게 와서 보관하기도 편했고, 습기만 조심하면 장기간 보관도 문제없을 것 같아요.",사용감,부정,얇
"물 떨어지듯이 사라지는 생활필수품 중에 하나가 바로 휴지잖아요. 이번에 아예 고민 끝에 6개월치 휴지를 한 번에 주문했는데, 결론부터 말하자면 정말 만족이에요 우선 가장 좋았던 건 마음의 여유예요. ldquo휴지 떨어졌나?rdquo 하고 수시로 확인할 필요도 없고, 급하게 마트 뛰어갈 일도 없어졌어요. 집 한 켠에 쌓여 있는 휴지 보면서 괜히 든든한 느낌까지 들더라고요. 품질도 기대 이상이었어요. 너무 얇지도 두껍지도 않은 딱 적당한 두께라서, 한 번 사용해도 쉽게 찢어지지 않고 부드러워서 피부 자극이 거의 없었어요. 먼지 날림도 적어서 화장실 사용 후에도 깔끔한 느낌이 남는 게 특히 좋았고요. 물에 닿았을 때 풀어짐도 적어서 변기 막힘 걱정 없이 사용할 수 있었어요. 가성비도 정말 만족스러웠어요. 소량으로 자주 사는 것보다 확실히 가격 부담이 적고, 배송까지 한 번에 오니까 시간middot교통비 다 아낀 기분이에요. 박스 포장도 깔끔하게 와서 보관하기도 편했고, 습기만 조심하면 장기간 보관도 문제없을 것 같아요.",피부/안전,긍정,자극
"물 떨어지듯이 사라지는 생활필수품 중에 하나가 바로 휴지잖아요. 이번에 아예 고민 끝에 6개월치 휴지를 한 번에 주문했는데, 결론부터 말하자면 정말 만족이에요 우선 가장 좋았던 건 마음의 여유예요. ldquo휴지 떨어졌나?rdquo 하고 수시로 확인할 필요도 없고, 급하게 마트 뛰어갈 일도 없어졌어요. 집 한 켠에 쌓여 있는 휴지 보면서 괜히 든든한 느낌까지 들더라고요. 품질도 기대 이상이었어요. 너무 얇지도 두껍지도 않은 딱 적당한 두께라서, 한 번 사용해도 쉽게 찢어지지 않고 부드러워서 피부 자극이 거의 없었어요. 먼지 날림도 적어서 화장실 사용 후에도 깔끔한 느낌이 남는 게 특히 좋았고요. 물에 닿았을 때 풀어짐도 적어서 변기 막힘 걱정 없이 사용할 수 있었어요. 가성비도 정말 만족스러웠어요. 소량으로 자주 사는 것보다 확실히 가격 부담이 적고, 배송까지 한 번에 오니까 시간middot교통비 다 아낀 기분이에요. 박스 포장도 깔끔하게 와서 보관하기도 편했고, 습기만 조심하면 장기간 보관도 문제없을 것 같아요.",피부/안전,긍정,피부
"물 떨어지듯이 사라지는 생활필수품 중에 하나가 바로 휴지잖아요. 이번에 아예 고민 끝에 6개월치 휴지를 한 번에 주문했는데, 결론부터 말하자면 정말 만족이에요 우선 가장 좋았던 건 마음의 여유예요. ldquo휴지 떨어졌나?rdquo 하고 수시로 확인할 필요도 없고, 급하게 마트 뛰어갈 일도 없어졌어요. 집 한 켠에 쌓여 있는 휴지 보면서 괜히 든든한 느낌까지 들더라고요. 품질도 기대 이상이었어요. 너무 얇지도 두껍지도 않은 딱 적당한 두께라서, 한 번 사용해도 쉽게 찢어지지 않고 부드러워서 피부 자극이 거의 없었어요. 먼지 날림도 적어서 화장실 사용 후에도 깔끔한 느낌이 남는 게 특히 좋았고요. 물에 닿았을 때 풀어짐도 적어서 변기 막힘 걱정 없이 사용할 수 있었어요. 가성비도 정말 만족스러웠어요. 소량으로 자주 사는 것보다 확실히 가격 부담이 적고, 배송까지 한 번에 오니까 시간middot교통비 다 아낀 기분이에요. 박스 포장도 깔끔하게 와서 보관하기도 편했고, 습기만 조심하면 장기간 보관도 문제없을 것 같아요.",피부/안전,부정,자극
"물 떨어지듯이 사라지는 생활필수품 중에 하나가 바로 휴지잖아요. 이번에 아예 고민 끝에 6개월치 휴지를 한 번에 주문했는데, 결론부터 말하자면 정말 만족이에요 우선 가장 좋았던 건 마음의 여유예요. ldquo휴지 떨어졌나?rdquo 하고 수시로 확인할 필요도 없고, 급하게 마트 뛰어갈 일도 없어졌어요. 집 한 켠에 쌓여 있는 휴지 보면서 괜히 든든한 느낌까지 들더라고요. 품질도 기대 이상이었어요. 너무 얇지도 두껍지도 않은 딱 적당한 두께라서, 한 번 사용해도 쉽게 찢어지지 않고 부드러워서 피부 자극이 거의 없었어요. 먼지 날림도 적어서 화장실 사용 후에도 깔끔한 느낌이 남는 게 특히 좋았고요. 물에 닿았을 때 풀어짐도 적어서 변기 막힘 걱정 없이 사용할 수 있었어요. 가성비도 정말 만족스러웠어요. 소량으로 자주 사는 것보다 확실히 가격 부담이 적고, 배송까지 한 번에 오니까 시간middot교통비 다 아낀 기분이에요. 박스 포장도 깔끔하게 와서 보관하기도 편했고, 습기만 조심하면 장기간 보관도 문제없을 것 같아요.",피부/안전,부정,피부
"물 떨어지듯이 사라지는 생활필수품 중에 하나가 바로 휴지잖아요. 이번에 아예 고민 끝에 6개월치 휴지를 한 번에 주문했는데, 결론부터 말하자면 정말 만족이에요 우선 가장 좋았던 건 마음의 여유예요. ldquo휴지 떨어졌나?rdquo 하고 수시로 확인할 필요도 없고, 급하게 마트 뛰어갈 일도 없어졌어요. 집 한 켠에 쌓여 있는 휴지 보면서 괜히 든든한 느낌까지 들더라고요. 품질도 기대 이상이었어요. 너무 얇지도 두껍지도 않은 딱 적당한 두께라서, 한 번 사용해도 쉽게 찢어지지 않고 부드러워서 피부 자극이 거의 없었어요. 먼지 날림도 적어서 화장실 사용 후에도 깔끔한 느낌이 남는 게 특히 좋았고요. 물에 닿았을 때 풀어짐도 적어서 변기 막힘 걱정 없이 사용할 수 있었어요. 가성비도 정말 만족스러웠어요. 소량으로 자주 사는 것보다 확실히 가격 부담이 적고, 배송까지 한 번에 오니까 시간middot교통비 다 아낀 기분이에요. 박스 포장도 깔끔하게 와서 보관하기도 편했고, 습기만 조심하면 장기간 보관도 문제없을 것 같아요.",가격/가성비,긍정,가격
"물 떨어지듯이 사라지는 생활필수품 중에 하나가 바로 휴지잖아요. 이번에 아예 고민 끝에 6개월치 휴지를 한 번에 주문했는데, 결론부터 말하자면 정말 만족이에요 우선 가장 좋았던 건 마음의 여유예요. ldquo휴지 떨어졌나?rdquo 하고 수시로 확인할 필요도 없고, 급하게 마트 뛰어갈 일도 없어졌어요. 집 한 켠에 쌓여 있는 휴지 보면서 괜히 든든한 느낌까지 들더라고요. 품질도 기대 이상이었어요. 너무 얇지도 두껍지도 않은 딱 적당한 두께라서, 한 번 사용해도 쉽게 찢어지지 않고 부드러워서 피부 자극이 거의 없었어요. 먼지 날림도 적어서 화장실 사용 후에도 깔끔한 느낌이 남는 게 특히 좋았고요. 물에 닿았을 때 풀어짐도 적어서 변기 막힘 걱정 없이 사용할 수 있었어요. 가성비도 정말 만족스러웠어요. 소량으로 자주 사는 것보다 확실히 가격 부담이 적고, 배송까지 한 번에 오니까 시간middot교통비 다 아낀 기분이에요. 박스 포장도 깔끔하게 와서 보관하기도 편했고, 습기만 조심하면 장기간 보관도 문제없을 것 같아요.",가격/가성비,긍정,가성비
"물 떨어지듯이 사라지는 생활필수품 중에 하나가 바로 휴지잖아요. 이번에 아예 고민 끝에 6개월치 휴지를 한 번에 주문했는데, 결론부터 말하자면 정말 만족이에요 우선 가장 좋았던 건 마음의 여유예요. ldquo휴지 떨어졌나?rdquo 하고 수시로 확인할 필요도 없고, 급하게 마트 뛰어갈 일도 없어졌어요. 집 한 켠에 쌓여 있는 휴지 보면서 괜히 든든한 느낌까지 들더라고요. 품질도 기대 이상이었어요. 너무 얇지도 두껍지도 않은 딱 적당한 두께라서, 한 번 사용해도 쉽게 찢어지지 않고 부드러워서 피부 자극이 거의 없었어요. 먼지 날림도 적어서 화장실 사용 후에도 깔끔한 느낌이 남는 게 특히 좋았고요. 물에 닿았을 때 풀어짐도 적어서 변기 막힘 걱정 없이 사용할 수 있었어요. 가성비도 정말 만족스러웠어요. 소량으로 자주 사는 것보다 확실히 가격 부담이 적고, 배송까지 한 번에 오니까 시간middot교통비 다 아낀 기분이에요. 박스 포장도 깔끔하게 와서 보관하기도 편했고, 습기만 조심하면 장기간 보관도 문제없을 것 같아요.",가격/가성비,부정,가격
"물 떨어지듯이 사라지는 생활필수품 중에 하나가 바로 휴지잖아요. 이번에 아예 고민 끝에 6개월치 휴지를 한 번에 주문했는데, 결론부터 말하자면 정말 만족이에요 우선 가장 좋았던 건 마음의 여유예요. ldquo휴지 떨어졌나?rdquo 하고 수시로 확인할 필요도 없고, 급하게 마트 뛰어갈 일도 없어졌어요. 집 한 켠에 쌓여 있는 휴지 보면서 괜히 든든한 느낌까지 들더라고요. 품질도 기대 이상이었어요. 너무 얇지도 두껍지도 않은 딱 적당한 두께라서, 한 번 사용해도 쉽게 찢어지지 않고 부드러워서 피부 자극이 거의 없었어요. 먼지 날림도 적어서 화장실 사용 후에도 깔끔한 느낌이 남는 게 특히 좋았고요. 물에 닿았을 때 풀어짐도 적어서 변기 막힘 걱정 없이 사용할 수 있었어요. 가성비도 정말 만족스러웠어요. 소량으로 자주 사는 것보다 확실히 가격 부담이 적고, 배송까지 한 번에 오니까 시간middot교통비 다 아낀 기분이에요. 박스 포장도 깔끔하게 와서 보관하기도 편했고, 습기만 조심하면 장기간 보관도 문제없을 것 같아요.",가격/가성비,부정,가성비
"물 떨어지듯이 사라지는 생활필수품 중에 하나가 바로 휴지잖아요. 이번에 아예 고민 끝에 6개월치 휴지를 한 번에 주문했는데, 결론부터 말하자면 정말 만족이에요 우선 가장 좋았던 건 마음의 여유예요. ldquo휴지 떨어졌나?rdquo 하고 수시로 확인할 필요도 없고, 급하게 마트 뛰어갈 일도 없어졌어요. 집 한 켠에 쌓여 있는 휴지 보면서 괜히 든든한 느낌까지 들더라고요. 품질도 기대 이상이었어요. 너무 얇지도 두껍지도 않은 딱 적당한 두께라서, 한 번 사용해도 쉽게 찢어지지 않고 부드러워서 피부 자극이 거의 없었어요. 먼지 날림도 적어서 화장실 사용 후에도 깔끔한 느낌이 남는 게 특히 좋았고요. 물에 닿았을 때 풀어짐도 적어서 변기 막힘 걱정 없이 사용할 수 있었어요. 가성비도 정말 만족스러웠어요. 소량으로 자주 사는 것보다 확실히 가격 부담이 적고, 배송까지 한 번에 오니까 시간middot교통비 다 아낀 기분이에요. 박스 포장도 깔끔하게 와서 보관하기도 편했고, 습기만 조심하면 장기간 보관도 문제없을 것 같아요.",포장,긍정,박스
"물 떨어지듯이 사라지는 생활필수품 중에 하나가 바로 휴지잖아요. 이번에 아예 고민 끝에 6개월치 휴지를 한 번에 주문했는데, 결론부터 말하자면 정말 만족이에요 우선 가장 좋았던 건 마음의 여유예요. ldquo휴지 떨어졌나?rdquo 하고 수시로 확인할 필요도 없고, 급하게 마트 뛰어갈 일도 없어졌어요. 집 한 켠에 쌓여 있는 휴지 보면서 괜히 든든한 느낌까지 들더라고요. 품질도 기대 이상이었어요. 너무 얇지도 두껍지도 않은 딱 적당한 두께라서, 한 번 사용해도 쉽게 찢어지지 않고 부드러워서 피부 자극이 거의 없었어요. 먼지 날림도 적어서 화장실 사용 후에도 깔끔한 느낌이 남는 게 특히 좋았고요. 물에 닿았을 때 풀어짐도 적어서 변기 막힘 걱정 없이 사용할 수 있었어요. 가성비도 정말 만족스러웠어요. 소량으로 자주 사는 것보다 확실히 가격 부담이 적고, 배송까지 한 번에 오니까 시간middot교통비 다 아낀 기분이에요. 박스 포장도 깔끔하게 와서 보관하기도 편했고, 습기만 조심하면 장기간 보관도 문제없을 것 같아요.",포장,긍정,찢
"물 떨어지듯이 사라지는 생활필수품 중에 하나가 바로 휴지잖아요. 이번에 아예 고민 끝에 6개월치 휴지를 한 번에 주문했는데, 결론부터 말하자면 정말 만족이에요 우선 가장 좋았던 건 마음의 여유예요. ldquo휴지 떨어졌나?rdquo 하고 수시로 확인할 필요도 없고, 급하게 마트 뛰어갈 일도 없어졌어요. 집 한 켠에 쌓여 있는 휴지 보면서 괜히 든든한 느낌까지 들더라고요. 품질도 기대 이상이었어요. 너무 얇지도 두껍지도 않은 딱 적당한 두께라서, 한 번 사용해도 쉽게 찢어지지 않고 부드러워서 피부 자극이 거의 없었어요. 먼지 날림도 적어서 화장실 사용 후에도 깔끔한 느낌이 남는 게 특히 좋았고요. 물에 닿았을 때 풀어짐도 적어서 변기 막힘 걱정 없이 사용할 수 있었어요. 가성비도 정말 만족스러웠어요. 소량으로 자주 사는 것보다 확실히 가격 부담이 적고, 배송까지 한 번에 오니까 시간middot교통비 다 아낀 기분이에요. 박스 포장도 깔끔하게 와서 보관하기도 편했고, 습기만 조심하면 장기간 보관도 문제없을 것 같아요.",포장,부정,박스
"물 떨어지듯이 사라지는 생활필수품 중에 하나가 바로 휴지잖아요. 이번에 아예 고민 끝에 6개월치 휴지를 한 번에 주문했는데, 결론부터 말하자면 정말 만족이에요 우선 가장 좋았던 건 마음의 여유예요. ldquo휴지 떨어졌나?rdquo 하고 수시로 확인할 필요도 없고, 급하게 마트 뛰어갈 일도 없어졌어요. 집 한 켠에 쌓여 있는 휴지 보면서 괜히 든든한 느낌까지 들더라고요. 품질도 기대 이상이었어요. 너무 얇지도 두껍지도 않은 딱 적당한 두께라서, 한 번 사용해도 쉽게 찢어지지 않고 부드러워서 피부 자극이 거의 없었어요. 먼지 날림도 적어서 화장실 사용 후에도 깔끔한 느낌이 남는 게 특히 좋았고요. 물에 닿았을 때 풀어짐도 적어서 변기 막힘 걱정 없이 사용할 수 있었어요. 가성비도 정말 만족스러웠어요. 소량으로 자주 사는 것보다 확실히 가격 부담이 적고, 배송까지 한 번에 오니까 시간middot교통비 다 아낀 기분이에요. 박스 포장도 깔끔하게 와서 보관하기도 편했고, 습기만 조심하면 장기간 보관도 문제없을 것 같아요.",포장,부정,찢
가성비 넘넘 좋네요! 꾸준하게 사용하고 있는 제품이에용!,가격/가성비,긍정,가성비
잘받았습니다 고맙습니다,기타,중립,기타
화장지 매우 잘 도착했어요~~감사합니다,배송,긍정,도착
가격도 좋고 휴지도 좋고,가격/가성비,긍정,가격
항상쓰던제품이에요 좋아요,기타,긍정,기타
가성비 많이 좋습니대,가격/가성비,긍정,가성비
잘닦이고 잘흡수되네요 좋아요,기능/성능,긍정,흡수
빠르고 완전 좋아요,배송,긍정,빠르
좋아요 가성비가 좋아요 추천추천,가격/가성비,긍정,가성비
가성비 최고입니다 잘 사용하고 있어요,가격/가성비,긍정,가성비
재질이 부드럽고 맛있어요,사용감,긍정,부드
배송도 빠르고 만족합니다.,배송,긍정,빠르
잘받았습니다. 많이 파세요.,기타,중립,기타
"주문을 저녁에 하니 다다음날에 도착. N배송이 다음날 도착이니 잘 받았고, 제품은 같은조건(30m30롤 3팩 기준)하에서 제일 저렴했던것 같아요. 어차피 미용용이 아니기 때문에 질은 크게 신경쓰지 않으나 가격대비 적당합니다. 저렴한 휴지 구매시 불편했던 점은 처음 사용시 떼는 부분 처리를 대충해서 떼기 어려운 점이였는데(여러겹이 뜯어지는 상황) 이 제품은 그부분 처리를 잘 해서 불편한 점 없이 잘 떨어져 사용할때 불편함이 없네요~",사용감,부정,불편
"주문을 저녁에 하니 다다음날에 도착. N배송이 다음날 도착이니 잘 받았고, 제품은 같은조건(30m30롤 3팩 기준)하에서 제일 저렴했던것 같아요. 어차피 미용용이 아니기 때문에 질은 크게 신경쓰지 않으나 가격대비 적당합니다. 저렴한 휴지 구매시 불편했던 점은 처음 사용시 떼는 부분 처리를 대충해서 떼기 어려운 점이였는데(여러겹이 뜯어지는 상황) 이 제품은 그부분 처리를 잘 해서 불편한 점 없이 잘 떨어져 사용할때 불편함이 없네요~",가격/가성비,부정,가격
"주문을 저녁에 하니 다다음날에 도착. N배송이 다음날 도착이니 잘 받았고, 제품은 같은조건(30m30롤 3팩 기준)하에서 제일 저렴했던것 같아요. 어차피 미용용이 아니기 때문에 질은 크게 신경쓰지 않으나 가격대비 적당합니다. 저렴한 휴지 구매시 불편했던 점은 처음 사용시 떼는 부분 처리를 대충해서 떼기 어려운 점이였는데(여러겹이 뜯어지는 상황) 이 제품은 그부분 처리를 잘 해서 불편한 점 없이 잘 떨어져 사용할때 불편함이 없네요~",가격/가성비,부정,저렴
"주문을 저녁에 하니 다다음날에 도착. N배송이 다음날 도착이니 잘 받았고, 제품은 같은조건(30m30롤 3팩 기준)하에서 제일 저렴했던것 같아요. 어차피 미용용이 아니기 때문에 질은 크게 신경쓰지 않으나 가격대비 적당합니다. 저렴한 휴지 구매시 불편했던 점은 처음 사용시 떼는 부분 처리를 대충해서 떼기 어려운 점이였는데(여러겹이 뜯어지는 상황) 이 제품은 그부분 처리를 잘 해서 불편한 점 없이 잘 떨어져 사용할때 불편함이 없네요~",배송,부정,도착
상품평보고 삿어요 한번써볼게요,기타,중립,기타
양도 많고 쓰기 좋아요,기타,긍정,기타
어머니도 만족하시는 휴지입니다!! 가격대비 품질도 좋아요!!,가격/가성비,긍정,가격
휴지 도톰하고 좋아요!!,기능/성능,긍정,도톰
두껍고 휴지 좋아요!!,사용감,긍정,두껍
가격대비 품질이 좋아서 잘쓰고 있습니다,가격/가성비,긍정,가격
좋은 상품 저렴하게 잘 샀습니다 배송도 빠르고 만족합니다,가격/가성비,긍정,저렴
좋은 상품 저렴하게 잘 샀습니다 배송도 빠르고 만족합니다,배송,긍정,빠르
싸게 잘샀어요~~,기타,중립,기타
배송 빠르고 만족합니다.,배송,긍정,빠르
양 많아요 화잘지 부자! 제품 먼지날림 없고 도톰 잘 구매 만족,기능/성능,긍정,도톰
항상 재구매해서 써요ㆍ좋아요,기타,긍정,기타
ldquo배송이 빠르고 포장도 꼼꼼했어요. 제품도 기대 이상으로 만족스럽습니다. 잘 쓰겠습니다!rdquo,배송,긍정,빠르
다음에 또 구매할게요,기타,중립,기타
배송가격 모두 만족합니다,가격/가성비,긍정,가격
잘받았습니다. 감사합니다 좋아요~,기타,긍정,기타
리뷰보고 구매했는데 생각보다는좀맓고 좀좁은데 그런데로 쓸 만한거같네요,기타,중립,기타
빠른배송감사합니다 빠른배송감사합니다 빠른배송감사합니다 빠른배송감사합니다,배송,긍정,빠른
빠른배송 늘 감사합니다. 먼지 날림도적고 항상 잘 사용하고있습니다.,배송,긍정,빠른
빠른배송 좋네요..,배송,긍정,빠른
배송이 빠르고 상품이 맘에 들어요,배송,긍정,빠르
잘쓰고있어요.막쓰기좋아요,기타,긍정,기타
수량도 많고 가성비 최고,가격/가성비,긍정,가성비
잘쓰겠습니다~~ 양많아요,기타,중립,기타
빠른배송감사합니다 조아요,배송,긍정,빠른
항상 애용합니다.,기타,중립,기타
배송빠르고 제품 좋습니다,배송,긍정,빠르
후기보고 주문했는데 도톰하고 부드럽네요,기능/성능,긍정,도톰
후기보고 주문했는데 도톰하고 부드럽네요,사용감,긍정,부드
막 쓰기 좋아요 적당히 탄탄하고요,기능/성능,긍정,탄탄
"항상 재구매하고 있어요,",기타,긍정,기타
잘 도착했습니다 좋아요~~,배송,긍정,도착
저령하게 구입해서좋아요~,기타,긍정,기타
잘 쓰고 있어요. 감사합니다~,기타,긍정,기타
배송빠르고 싱품 가성비 좋아요,가격/가성비,긍정,가성비
배송빠르고 싱품 가성비 좋아요,배송,긍정,빠르
늘믿고 구매하는 상품입니다.가성바좋고 배송도빠르고 넘만족합니다.사업번창하세요~,배송,긍정,빠르
두툼하고 너무 나쁘지 않은것 같아요!!,기타,부정,기타
저렴하게 잘 샀어요.굿,가격/가성비,중립,저렴
배송도 빠르고 잘 쓰고 있숩니다,배송,긍정,빠르
두루마리휴지 잘 쓰겠습니다,기타,중립,기타
가성비 좋고 만족합니다 재구매 예정,가격/가성비,긍정,가성비
빨리와서 좋았습니다.,배송,긍정,빨리
먼지없고 좋아요 굿,기타,긍정,기타
재구매하였습니다. 가격대비 좋아요,가격/가성비,긍정,가격
빠른배송감사합니다.빠른배송감사합니다.,배송,긍정,빠른
잘 받았읍니다. 처음 써보는데 좋으면 평가후기 남길께요,기타,긍정,기타
최고급은 아니지만 괜찮아요~,기타,긍정,기타
빠른 배송 좋아요!!,배송,긍정,빠른
화장지 잘쓰고 있어요 좋아요,기타,긍정,기타
잘쓰고있습니다. 감사합니다 감사합니다,기타,긍정,기타
만족합니다많이파세요,기타,긍정,기타
가성비 좋아요 잘사용하고 있습니다,가격/가성비,긍정,가성비
여기휴지 좋네요 다음에도 시킴,기타,긍정,기타
화장지에 질이 가격 대비 그렇게 좋지는 않습니다,가격/가성비,긍정,가격
먼지없고 좋아요~~,기타,긍정,기타
배송이 빠르고 저렴한 가격에 가성비 있는 제품을 구입할 수 있어서 좋습니다.,가격/가성비,긍정,가격
배송이 빠르고 저렴한 가격에 가성비 있는 제품을 구입할 수 있어서 좋습니다.,가격/가성비,긍정,가성비
배송이 빠르고 저렴한 가격에 가성비 있는 제품을 구입할 수 있어서 좋습니다.,가격/가성비,긍정,저렴
배송이 빠르고 저렴한 가격에 가성비 있는 제품을 구입할 수 있어서 좋습니다.,배송,긍정,빠르
생각보다 두껍고 가성비 만족스러워요,사용감,긍정,두껍
생각보다 두껍고 가성비 만족스러워요,가격/가성비,긍정,가성비
배송 빠르고 포장이 꼼꼼합니다,배송,긍정,빠르
저렴하게 잘 구입했네요,가격/가성비,중립,저렴
변비 친구가 잘 쓰겠대요,기타,중립,기타
가성비 좋은 가격과 빠른배송 만족합니다,가격/가성비,긍정,가격
가성비 좋은 가격과 빠른배송 만족합니다,가격/가성비,긍정,가성비
가성비 좋은 가격과 빠른배송 만족합니다,배송,긍정,빠른
아직 사용전이라 잘 모르겠네요,기타,중립,기타
좋아요좋아요좋아요좋아요,기타,긍정,기타
정기적으로 구매하는 제품입니다 ㅎㅎ 도톰하고 부드러워요~,기능/성능,긍정,도톰
정기적으로 구매하는 제품입니다 ㅎㅎ 도톰하고 부드러워요~,사용감,긍정,부드
화장지를 많이 쓰는 집이라 가성비가 좋아서 한번 사봤습니다,가격/가성비,긍정,가성비
빠르게 잘 받았습니다,배송,긍정,빠르
몇달 쓰겠네요 너무 많아요,기타,중립,기타
"큰 문제없이 잘 쓰고 있습니다,",기타,중립,기타
가성비가 좋아요,가격/가성비,긍정,가성비
착한가격에 샀어요 대용량사서 좋아요,가격/가성비,긍정,가격
도톰한 품질 만족스러워요,기능/성능,긍정,도톰
"저는 괜찮은데, 남편이 휴지가 좀 부드럽지 않다고는 하네요 케바케인 것 같아요.",사용감,긍정,부드
항상항상잘쓰고있어요,기타,중립,기타
재구매해요 잘써요 굿굿,기타,긍정,기타
가성비 최고입니다~,가격/가성비,긍정,가성비
계속 쓰던 제품을 찾았는데 안 보여서 리뷰도 괜찮고 해서 주문했는데 너무 얇아서 후회하는중이예요,사용감,긍정,얇
휴지 잘 쓰고있습니다 감사합니다,기타,긍정,기타
배송빠르고 싸서 재구매했어요,배송,긍정,빠르
가격도 저렴하고 쓸때 편하게 잘 떨어져서 좋아요,사용감,긍정,편하
가격도 저렴하고 쓸때 편하게 잘 떨어져서 좋아요,가격/가성비,긍정,가격
가격도 저렴하고 쓸때 편하게 잘 떨어져서 좋아요,가격/가성비,긍정,저렴
좋아유 아주아주 좋아유,기타,긍정,기타
가성비는 좋은데 약간 뻣뻣한 감이 있어요,가격/가성비,긍정,가성비
가족이 쓰는 휴지 잘 씁니다,기타,중립,기타
재구매해서계속사용중 큰문제없이 사용하고있네요,기타,긍정,기타
가격이 싸고 화장지가 좋아요,가격/가성비,긍정,가격
좋아요~좋아요~좋아요~,기타,긍정,기타
프리미엄 라인은 아닌것 같아요,기타,중립,기타
가성비 좋습니다 감사합니다,가격/가성비,긍정,가성비
아직 써보진않았는데 좋아 보이긴하네요,기타,긍정,기타
배송도 빠르고 묵직하고 부드러워서 언제나 즐겨 씁니다,사용감,긍정,부드
배송도 빠르고 묵직하고 부드러워서 언제나 즐겨 씁니다,배송,긍정,빠르
요즘 두루마리휴지도 비싼데 저렴히 구매했어요. 잘 쓰겠습니다.,가격/가성비,중립,저렴
써봐야 알것같아요 좋은 제품이길 바라며,기타,긍정,기타
잘받았습니다. 좀 가벼운느낌이 들긴하는데 처음써보는거라 사용해보면 알겠죵 ㅋ,기타,중립,기타
배성빠르고젛네여 앞으로 꾸즌히 구매예정,배송,긍정,빠르
항상 재구매하고 있습니다~빠른배송 감사합니다.,배송,긍정,빠른
빠른배송 넘 좋아요 감사합니당,배송,긍정,빠른
완전 좋아요! 재구매각!,기타,긍정,기타
배송빠르고 조아요,배송,긍정,빠르
이전에 쓰건거 보다는 살짝 거친 느낌이 있지만 가성비 좋습니다,가격/가성비,긍정,가성비
비싸지만 좋아요 잘 구매해써여,가격/가성비,긍정,비싸
합리적 가격에 좋은 제품 잘 구매하였습니다,가격/가성비,긍정,가격
합리적 가격에 좋은 제품 잘 구매하였습니다,가격/가성비,긍정,합리
빠른배송입니다ㅎ 잘써볼께요ㅎ,배송,중립,빠른
늘 잘사용하고 있으며 저렴하게 잘 샀습니다,가격/가성비,중립,저렴
빠른배송 휴지 좋네요 또 주문하겠습니다,배송,긍정,빠른
좋아요좋아요좋아요,기타,긍정,기타
부드러워서 편안하게 잘 쓰고 있어요.,사용감,긍정,부드
부드러워서 편안하게 잘 쓰고 있어요.,사용감,긍정,편안
몇년째 쓰는 제품 가성비 좋아요,가격/가성비,긍정,가성비
가성비 굿 가격도 굿 휴지의 질도 굿,가격/가성비,중립,가격
가성비 굿 가격도 굿 휴지의 질도 굿,가격/가성비,중립,가성비
가격도 싸고 좋아요,가격/가성비,긍정,가격
항상 쓰던 제품이라 또 구매했어요,기타,중립,기타
항상 잘 쓰고 있어요,기타,중립,기타
휴지가 좀 얇아서 좀만 두꺼웠으면 ..저렴하게 잘샀어요,사용감,중립,얇
휴지가 좀 얇아서 좀만 두꺼웠으면 ..저렴하게 잘샀어요,가격/가성비,중립,저렴
좋은 가격에 잘 구매했습니다. 잘 쓸게요. 감사합니다.,가격/가성비,긍정,가격
좋아요 좋아요 좋아요 좋아요 좋아요 좋아요 좋아요 좋아요 좋아요 좋아요,기타,긍정,기타
그럭저럭..,기타,중립,기타
좋아요 재구매 할깨요,기타,긍정,기타
잘 받았습니다 잘 사용할께요,기타,중립,기타
감사합니다 잘쓸게요 ㅎㅎ,기타,긍정,기타
싸게 잘샀어요 좋아요,기타,긍정,기타
잘샀어요 잘샀어요 잘샀어요,기타,중립,기타
화장지 저렴하게 너무 잘산거같아요 몇달 걱정없이 쓰겠어요,가격/가성비,긍정,저렴
마구 쓰기 좋아요 좋아요,기타,긍정,기타
그렇게 막 좋은 품질의 화장지는 아니지만 가성비 따지면 이만한게 없어서 또사고 엄마보내드리고 또사고 있네요ㅎ 잘쓰겠습니다,가격/가성비,긍정,가성비
매번 빠른 배송 감사합니다,배송,긍정,빠른
싸게잘샀어요 늘여기서구매합니다,기타,중립,기타
단단한게좋아요감사해요잘쓰겠습니다,기능/성능,긍정,단단
가격좋고 두툼하니쓰기좋아요,가격/가성비,긍정,가격
부드럽고 길이도 길고 가성비 최고입니다,사용감,긍정,부드
부드럽고 길이도 길고 가성비 최고입니다,가격/가성비,긍정,가성비
가성비!!좋아요~뿌듯,가격/가성비,긍정,가성비
2번째 구매했습니다. 써보니까 괜찮더라고요. 재구매 의사있슴.,기타,긍정,기타
늘 쓰는 제품이예요 오래 쓰진 못해요ㅎ,기타,중립,기타
가격 대비 만족 합니다,가격/가성비,긍정,가격
최고의 가성비 갑 감사합니다,가격/가성비,긍정,가성비
좋아요좋아요좋아요좋아요ㅡ,기타,긍정,기타
대왕이라 샀어요. 먼지 덜 날리고 좋아요,기타,긍정,기타
안전하게 왔어요 잘 쓸게요,기타,중립,기타
빠른 배송에 감사 합니다.,배송,긍정,빠른
매번 쓰는거에요 질 좋아요,기타,긍정,기타
좋아요 아주좋아요 따따봉,기타,긍정,기타
먼지고많고 거칠어서 피부가따갑네요,사용감,부정,거칠
먼지고많고 거칠어서 피부가따갑네요,피부/안전,부정,따갑
먼지고많고 거칠어서 피부가따갑네요,피부/안전,부정,피부
사용전이지만 좋아보이네요,기타,긍정,기타
부드럽고 먼지 더날서 사용하기 좋아요,사용감,긍정,부드
휴지가 싸고 괜찮아요 다음에 다시 구매 할께요,기타,긍정,기타
심지부분 깔끔하게 끝나서 너무좋아요 3개묶음가격도 넘착하고 쭉~~ 쓸께요,가격/가성비,긍정,가격
잘먹을께요 기대됩니다.,기타,중립,기타
고민하다 이거질렀는데 쓰던거랑 똑같은거였네요 가성비좋아요,가격/가성비,긍정,가성비
배송빠르게 받았습니다,배송,긍정,빠르
배송 빠르고 가격대비 좋아요,가격/가성비,긍정,가격
배송 빠르고 가격대비 좋아요,배송,긍정,빠르
가성비가 뛰어난 상품인것 같습니다. 100% 재 구매 할겁니다.,가격/가성비,중립,가성비
잘왔어요 잘쓸께요~~,기타,중립,기타
배송도 빠르고 좋아요 :),배송,긍정,빠르
이 가격에 어디서 사겠어요? 잘 쓰께요 ~,가격/가성비,중립,가격
두번째 구매요 타제품 보다 먼지가 덜 날려요 질감도 쫀쫀하고 좋아요,기타,긍정,기타
잘받았습니다 감사합니다 만족입니다,기타,긍정,기타
배송 빠르고 하자없이 잘 도착했어요,배송,긍정,도착
배송 빠르고 하자없이 잘 도착했어요,배송,긍정,빠르
가격대비 푸짐하고 좋아요.쟁겨놓고 쓰기 좋네요,가격/가성비,긍정,가격
빠른배송좋아요 판매자님 감사합니다 ㅎㅎ,배송,긍정,빠른
좋아요!2!!,기타,긍정,기타
벌써 세번째 구매입니다. 먼지가 많이 안나서 너무 좋아 사용합니다.빠른 배송 감사 드립니다.많이 파셔요.,배송,긍정,빠른
배송도 빠르고 가격도 저렴하고 좋아요,가격/가성비,긍정,가격
배송도 빠르고 가격도 저렴하고 좋아요,가격/가성비,긍정,저렴
배송도 빠르고 가격도 저렴하고 좋아요,배송,긍정,빠르
이정도 가격에 이정도 상품이면 좋은듯요ㅎ,가격/가성비,긍정,가격
배송도빠르고좋아요굿,배송,긍정,빠르
끝이 풀려있고 좀 뻣뻣한든 써봐야 알 듯,기타,중립,기타
배송도 빠르고 품질도 좋아요 만족합니다,배송,긍정,빠르
사무실에서 막쓰기 좋아요,기타,긍정,기타
가격 괜찮고 빠른배송 좋으나 휴지가 약간 빳빳한 느낌이에여,가격/가성비,긍정,가격
가격 괜찮고 빠른배송 좋으나 휴지가 약간 빳빳한 느낌이에여,배송,긍정,빠른
잘 사용중이에요,기타,중립,기타
수량도 많고 가격도 합리적이라 재주문인데 엄청 빠르게 배송되었어요!!,가격/가성비,긍정,가격
수량도 많고 가격도 합리적이라 재주문인데 엄청 빠르게 배송되었어요!!,가격/가성비,긍정,합리
수량도 많고 가격도 합리적이라 재주문인데 엄청 빠르게 배송되었어요!!,배송,긍정,빠르
가성비 너무 좋아용 ㅠㅎㅎ,가격/가성비,긍정,가성비
빠른배송 감사합니다 ㅎ ㅎ,배송,긍정,빠른
짱짱하니굿이요 먼지날림적어요,기타,중립,기타
너무 맘에 들어요 가성비 최고입니다 많이 파세요~,가격/가성비,긍정,가성비
배송 빠르고 좋아요.,배송,긍정,빠르
가격대비 질이 좋아요. 앞으로 계속 쓸꺼같네요.,가격/가성비,긍정,가격
도톰하고 저렴해서 좋아요 오래 사용할 수 있을 것 같아요!,기능/성능,긍정,도톰
도톰하고 저렴해서 좋아요 오래 사용할 수 있을 것 같아요!,가격/가성비,긍정,저렴
가성비좋고 사용하기에 질도 괜찮은거 같아요,가격/가성비,긍정,가성비
뻣뻣하니~~재활용 휴지같아요,기타,중립,기타
저렴하고 3겹이라 좋아요~,가격/가성비,긍정,저렴
가성비 최고입니다 당분간은 화장지 걱정안해도될듯요,가격/가성비,긍정,가성비
품질좋고 가격좋아요. 가성비굿~,가격/가성비,긍정,가격
품질좋고 가격좋아요. 가성비굿~,가격/가성비,긍정,가성비
"보들보들. 너무 만족해요,",기타,긍정,기타
잘 사용 하고 있어요,기타,중립,기타
항상 여기에서 구입해서 사용하고 있습니다. 잘쓰겠습니다.,기타,중립,기타
배송 빠르고 상태 좋네요.,배송,긍정,빠르
가성비 아주 좋아요,가격/가성비,긍정,가성비
오늘 도착해서 바로 사용해봤습니다 먼지가 안나고 부드러워서 아주 좋아요,사용감,긍정,부드
오늘 도착해서 바로 사용해봤습니다 먼지가 안나고 부드러워서 아주 좋아요,배송,긍정,도착
재구매합니다 감사합니다,기타,긍정,기타
아직 사용전이라 부드러운 정도는 알수 없지만 가격적으로 아주 맘에 듭니다.,사용감,긍정,부드
아직 사용전이라 부드러운 정도는 알수 없지만 가격적으로 아주 맘에 듭니다.,가격/가성비,긍정,가격
저렴하게 잘 구매하였습니다,가격/가성비,중립,저렴
감사합니다 잘먹겠습니다,기타,긍정,기타
잘사용하고있어요~~,기타,중립,기타
감사합니다 잘 받았습니다,기타,긍정,기타
배송도 빠르고 좋아용,배송,긍정,빠르
아주 좋아요!!,기타,긍정,기타
아주 만족스럽습니다!!,기타,긍정,기타
배송도빠르고 제품 좋아요 만족합니다,배송,긍정,빠르
매일 사용하는 휴지이고 4인 가족이 쓰다보면 금방 없어지기 때문에 30롤3개를 쟁여놓으니 마음이 편합니다. 무향.무색 탄력이 느껴지는 휴지이고 살짝 거친느낌이 화장실용으로도 더 좋은것 같습니다,냄새/향,긍정,무향
매일 사용하는 휴지이고 4인 가족이 쓰다보면 금방 없어지기 때문에 30롤3개를 쟁여놓으니 마음이 편합니다. 무향.무색 탄력이 느껴지는 휴지이고 살짝 거친느낌이 화장실용으로도 더 좋은것 같습니다,냄새/향,긍정,향
홈플에서 꾸준히 사서 썼는데 갑자기 가격이 너무 올라서 네이버 검색 후 구입했어요,가격/가성비,중립,가격
잘 사용 중 입니다!,기타,중립,기타
아주 좋아요 재구매 의사 있어여,기타,긍정,기타
부드럽습니다. 닦아보면 압니다,사용감,긍정,부드
몇번재구매한제품이에요~가성비좋은거같아요,가격/가성비,긍정,가성비
아 이거 크리넥스 쓰다가 쓰면 많이 아쉽지만 가성비원탑입니다.,가격/가성비,부정,가성비
두껍기도 적당하고 사용시 찢어짐도 없고 가격도 괜찮아 만족합니다.,사용감,긍정,두껍
두껍기도 적당하고 사용시 찢어짐도 없고 가격도 괜찮아 만족합니다.,가격/가성비,긍정,가격
두껍기도 적당하고 사용시 찢어짐도 없고 가격도 괜찮아 만족합니다.,포장,긍정,찢
배송이 빠르고 좋네요,배송,긍정,빠르
좋은 가격에 잘 샀네요.한동안 잘 쓸듯요,가격/가성비,긍정,가격
배송도 빠르고 싸게 구매했어요,배송,긍정,빠르
먼지도 안나고 잘 찢어지지도 않았서 사용하기 굿,포장,중립,찢
첨사봤는데 생각보다 재질은 별로인데 가성비 좋네요!!,가격/가성비,긍정,가성비
첨사봤는데 생각보다 재질은 별로인데 가성비 좋네요!!,가격/가성비,부정,가성비
적당히 부드럽고 도톰해서 좋아요.,기능/성능,긍정,도톰
적당히 부드럽고 도톰해서 좋아요.,사용감,긍정,부드
한우 투뿔 9번이 최고등급 쌀도 특등급이 최고로 맛있듯 휴지도 최고네요,기타,긍정,기타
가성비가 너무좋아요,가격/가성비,긍정,가성비
부드랍고 사용하기 좋아요 배송도 빠르고 만족합니다,사용감,긍정,부드
부드랍고 사용하기 좋아요 배송도 빠르고 만족합니다,배송,긍정,빠르
배송이 빠르게 왔네요 아직 사용해보지 않았지만 좋을것 같아요,배송,긍정,빠르
매번 재구매해요 추천합니다,기타,긍정,기타
상품평이 좋아서 구매했어요 잘 쓰겠습니다,기타,긍정,기타
빠른 배송 감사..,배송,긍정,빠른
빠른 배송 감사합니다.,배송,긍정,빠른
가성비좋아요 금방쓰네요,가격/가성비,긍정,가성비
항상 이용하는데 쓸수록 좋아요,기타,긍정,기타
잘 쓰고있어요~ 좋아요~,기타,긍정,기타
당분간 휴지 걱정은 없네요,기타,중립,기타
국내생산이라 안심하고 쓸 수 있어요 질도 좋고 오래쓰고 저렴하고 아주 좋아요!,피부/안전,긍정,안심
국내생산이라 안심하고 쓸 수 있어요 질도 좋고 오래쓰고 저렴하고 아주 좋아요!,가격/가성비,긍정,저렴
만족합니다 가성비 최곱니다,가격/가성비,긍정,가성비
배송빠르고 좋은가격에 세겹에 양도 많아 두고두고 사용하겠네요. 아직사용전인데 써보고 좋으면 또 구입할 예정입니다.,가격/가성비,긍정,가격
배송빠르고 좋은가격에 세겹에 양도 많아 두고두고 사용하겠네요. 아직사용전인데 써보고 좋으면 또 구입할 예정입니다.,배송,긍정,빠르
"질도좋고,먼지도 덜 날려서 너무좋아요",기타,긍정,기타
먼지도없고 대용량에 저렴한가격까지 아주 만족합니다.,가격/가성비,긍정,가격
먼지도없고 대용량에 저렴한가격까지 아주 만족합니다.,가격/가성비,긍정,저렴
휴지가ㅡ필요한 때 딱 구입!!,기타,중립,기타
가정화장실용으론 거친편에 속하지만 쓰다보니 가성비라 계속 사게되네요.,가격/가성비,중립,가성비
배송빠르고 싸게 구매 잘했어요,배송,긍정,빠르
빠른배송좋아요 저렴하게 잘산거같아요 아직 사용 전이지만 괜찮아보이네요,가격/가성비,긍정,저렴
빠른배송좋아요 저렴하게 잘산거같아요 아직 사용 전이지만 괜찮아보이네요,배송,긍정,빠른
다른대갓다가 다시 돌아왓네요,기타,중립,기타
네 사용하기 불편한 거 없네요,사용감,부정,불편
항상 재주문해서 잘 사용하고있어요,기타,중립,기타
일단 30m짜리라 만족인데 가성비도 굳굳입니다. 먼지도 덜 날리는 제품이길 기대하고 있어요,가격/가성비,긍정,가성비
가성비 최고! 휴지를 많이 써서 주문했는데 넉넉한 양도 굿굿 먼지도 거의 없고 도~톰하니 좋습니다ㅎㅎ,가격/가성비,긍정,가성비
탄탄해요! 가루도 안날리고 좋아요,기능/성능,긍정,탄탄
조금 얇긴하지만 먼지 날림없고 좋아요,사용감,긍정,얇
생각보다 도톰하고 좋아요,기능/성능,긍정,도톰
대량으로 저렴하게 잘 구입했어요 저희집 주문하고 엄마집도 주문해드렸어요 강추합니다,가격/가성비,중립,저렴
저번에 사용하고 좋아 다시 구매했습니다,기타,긍정,기타
히히 휴지다 비염이다 엉엉,기타,중립,기타
가격대비 좋습니다 번창하세요,가격/가성비,긍정,가격
휴지를 이번에 바꿨는데 생각보다 너무 좋은데요..담에도 꼭 이제품으로 구매해서 사용하려합니다..,기타,긍정,기타
빠른 배송 및 깔끔한 포장,배송,긍정,빠른
빠르게 도착 했네요. 잘 쓰겠습니다.,배송,긍정,도착
빠르게 도착 했네요. 잘 쓰겠습니다.,배송,긍정,빠르
좋아요 가성비대비 좋습니다~,가격/가성비,긍정,가성비
배송도 빠르고 질도 좋아요~,배송,긍정,빠르
"좋아요 싸고많코 토고,",기타,긍정,기타
"두번째 구매 입니다. 가성비 갑! 길이, 수량 모두 최소~. 품질도 좋아요! 떨어지면 또 구매할게요~",가격/가성비,긍정,가성비
아직 안써봤습니다. 나중에 한달사용리뷰에 어떤지 쓸게요.,기타,중립,기타
화장지 매번 사지 귀찮아서 쟁겨봅니다 좋어요,기타,긍정,기타
몇년째 쓰는거에여 좋아요,기타,긍정,기타
다른브랜드 쓰다가 처음구매해봤는데 두껍고 좋네요. 앞으로는 계속 이거쓸듯,사용감,긍정,두껍
가성비 너무 좋아요 또 구매 할개요,가격/가성비,긍정,가성비
빠르게 잘 받았어요,배송,긍정,빠르
가격대비 만족해요 재재구매 했어요,가격/가성비,긍정,가격
가성비가 좋아요. 굿,가격/가성비,긍정,가성비
저아여 만족합니디ㅗㅎㅊ,기타,긍정,기타
제품 좋아요 만족해요 굿잡 브라보 나이스,기타,긍정,기타
가성비가 너무 좋네요,가격/가성비,긍정,가성비
좋아요베리굿베리굿 좋아요베리굿베리굿 좋아요베리굿베리굿,기타,긍정,기타
양도많고 휴지도 너무 얇지않아서 잘 쓰고있어요! 한꺼번에 사놓길 잘한거같습니다.,사용감,중립,얇
가성비 너무 좋습니다,가격/가성비,긍정,가성비
저렴한 가격에 구입했는데 지금까지 만족스럽게 사용 중입니다. 다음에도 구매할 생각이예요,가격/가성비,긍정,가격
저렴한 가격에 구입했는데 지금까지 만족스럽게 사용 중입니다. 다음에도 구매할 생각이예요,가격/가성비,긍정,저렴
좋습니다 좋습니다.,기타,긍정,기타
질이 화장실용으로 쓰기 딱좋아요 너무 부드럽지도 질기지도 않은 중간이예요,사용감,긍정,부드
잘 받았습니다~~,기타,중립,기타
가격저렴하고 질좋은 상품이네요.,가격/가성비,긍정,가격
가격저렴하고 질좋은 상품이네요.,가격/가성비,긍정,저렴
가성비 최고 품질이좋음,가격/가성비,긍정,가성비
넉넉한 수량에 넉넉하게 사용중입니다. 부드럽고 두꺼워서 줗음,사용감,긍정,부드
저렴한 가격에 대용량으로 구매했습니다,가격/가성비,중립,가격
저렴한 가격에 대용량으로 구매했습니다,가격/가성비,중립,저렴
먼지도 정말 하나도 안나고 두께도 두껍고 너무 좋아요,사용감,긍정,두껍
단다하고 사용하기 매우 좋아요,기타,긍정,기타
좋아요 좋아 좋아요 좋아요 좋아 좋아요 좋아요 좋아 좋아요 좋아요 좋아 좋아요 좋아요 좋아 좋아요 좋아요 좋아 좋아요 좋아요 좋아 좋아요 좋아요,기타,긍정,기타
대용량 저렴하고 좋아요,가격/가성비,긍정,저렴
휴지 두께도 그렇고 저렴하게 잘 산것같아요 처음샀는데 만족해요 자구매 할 생각있어요,가격/가성비,긍정,저렴
처음 구매해봤는데 두껍지는 않지만 사용하기에 괜찮아요,사용감,긍정,두껍
배송빠르고 품질좋아요,배송,긍정,빠르
아직이지만 잘쓰겠습니다,기타,중립,기타
잘 받았스빈아~!! 잘 쓸께영,기타,중립,기타
매번 사용하던거라 재주문 했어요,기타,중립,기타
사용할때 가루?안날려서 조아요,기타,긍정,기타
가성비 최고 잘쓰고있어요,가격/가성비,긍정,가성비
저렴하게 잘샀습니다,가격/가성비,중립,저렴
도톰하고 튼튼하고 점선 분리도 잘 되고 먼지도 없어요 게다가 저렴하지만 결코 저렴한 티가 전혀 없네요 최고의 만족입니다,기능/성능,긍정,도톰
도톰하고 튼튼하고 점선 분리도 잘 되고 먼지도 없어요 게다가 저렴하지만 결코 저렴한 티가 전혀 없네요 최고의 만족입니다,가격/가성비,긍정,저렴
매번구매하는휴지! 저렴하고 나름도톰해서 매번구매하고있어요굿굿,기능/성능,중립,도톰
매번구매하는휴지! 저렴하고 나름도톰해서 매번구매하고있어요굿굿,가격/가성비,중립,저렴
쓰기 편하고 양도 많고 좋네요,사용감,긍정,편하
현대인의 필수품이죠 없으면 안되는거 이번이 첫 구매인데 사용해보고 좋으면 계속,기타,긍정,기타
사용하던 제품이라 만족합니다.,기타,긍정,기타
잘 쓰고 있습니다~ 감사합니다,기타,긍정,기타
조금 얇은감이 없지않아 있지만 저렴하니 씁니다,사용감,중립,얇
조금 얇은감이 없지않아 있지만 저렴하니 씁니다,가격/가성비,중립,저렴
화장지 빠른 배송 감사합니다.,배송,긍정,빠른
쿠X이용하다가 처음으로 휴지 주문했는데 먼지도없고 탄탄하고 좋아요,기능/성능,긍정,탄탄
배송빠르고 질은 아직.모르겠지만 괜찮은듯 싶어요,배송,긍정,빠르
꾸준히 구매하는제품 좋아용,기타,긍정,기타
몇년째 잘 쓰고 있어요.,기타,중립,기타
가격이 저렴해서 구매해봤어요 재질도 부드럽고 가성비 짱짱 좋은 것 같아요,사용감,긍정,부드
가격이 저렴해서 구매해봤어요 재질도 부드럽고 가성비 짱짱 좋은 것 같아요,가격/가성비,긍정,가격
가격이 저렴해서 구매해봤어요 재질도 부드럽고 가성비 짱짱 좋은 것 같아요,가격/가성비,긍정,가성비
가격이 저렴해서 구매해봤어요 재질도 부드럽고 가성비 짱짱 좋은 것 같아요,가격/가성비,긍정,저렴
이건 갠적으로 좋아서 계속 구매해서 사용중입니다,기타,긍정,기타
가성비 최고에요 좋습니당,가격/가성비,긍정,가성비
"프리미엄이라 최상급 생각했는데, 좀 아쉬운 퀄리티에요. 가성비 괜찮아 잘 쓰도록 할게요.",가격/가성비,긍정,가성비
아직 써보진않았지만 재질은 괜찮은거 같아요,기타,긍정,기타
배송 빠르고 저렴한가격 좋내요.,가격/가성비,긍정,가격
배송 빠르고 저렴한가격 좋내요.,가격/가성비,긍정,저렴
배송 빠르고 저렴한가격 좋내요.,배송,긍정,빠르
양도많고 천천히 써볼게요,기타,중립,기타
"새집으로 이사 가신 지인분께 어떤 선물을 드릴까 고민하다가, 실용적인 두루마리 휴지를 선물로 드렸습니다. 다행히 너무나 만족스럽다는 후기를 전해주셔서 저도 마음이 뿌듯했습니다. 매일 사용하는 생필품이라 더욱 실용적이고 좋다고 하시더라고요. 덕분에 앞으로도 집들이 선물로 고민될 때 좋은 선택지가 될 것 같습니다. 다음에 또 좋은 기회가 있다면 꼭 다시 선물하고 싶습니다.",기능/성능,긍정,새
"새집으로 이사 가신 지인분께 어떤 선물을 드릴까 고민하다가, 실용적인 두루마리 휴지를 선물로 드렸습니다. 다행히 너무나 만족스럽다는 후기를 전해주셔서 저도 마음이 뿌듯했습니다. 매일 사용하는 생필품이라 더욱 실용적이고 좋다고 하시더라고요. 덕분에 앞으로도 집들이 선물로 고민될 때 좋은 선택지가 될 것 같습니다. 다음에 또 좋은 기회가 있다면 꼭 다시 선물하고 싶습니다.",기능/성능,부정,새
먼지가 덜 나오는 것 같아요 좋아요,기타,긍정,기타
좋아요 잘사용할께요~,기타,긍정,기타
아직 쓰지안고있습니다. 비교적 빨리 도착해서 만족합니다,배송,긍정,도착
아직 쓰지안고있습니다. 비교적 빨리 도착해서 만족합니다,배송,긍정,빨리
좋네요 화장지 좋아요,기타,긍정,기타
매우 만족 합니다 배송도 빠르게 받았어요,배송,긍정,빠르
집에 강쥐가 있어 휴지를 많이 쓰는데 90롤 가격이 좋아서 주문함 아주 고급화장지는 아니지만 막쓰기엔 상태가 좋네요 겨울이라 햇빛이 적어 먼지 날림 상태 확인은 어렵지만 3겹에 흐물거리지않아 제사용 용도엔 딱입니다,가격/가성비,긍정,가격
두께도 두껍고 좋아요,사용감,긍정,두껍
가격도 착하고 리뷰도 좋아서 주문해 봤어요.,가격/가성비,긍정,가격
매우만족합니다 휴지가 조아요,기타,긍정,기타
저렴하니 잘 산것 같아요~~,가격/가성비,중립,저렴
대용량 입니다 . 매일 쓰기에 많은 량을 선택했는데 룰도 단단하고 부드럽고 조아요 강추합니다,기능/성능,긍정,단단
대용량 입니다 . 매일 쓰기에 많은 량을 선택했는데 룰도 단단하고 부드럽고 조아요 강추합니다,사용감,긍정,부드
쓸만해요. 가성비 있어요,가격/가성비,중립,가성비
질이 좋습니다. 가성비도 좋구요~,가격/가성비,긍정,가성비
저렴한 가격으로 잘 샀어요,가격/가성비,중립,가격
저렴한 가격으로 잘 샀어요,가격/가성비,중립,저렴
화장지는 몇년째 여기서만 주문해 쓰고있어요,기타,중립,기타
추천이 많아서 한번 써보려구요,기타,긍정,기타
도똠하고 좋아요. 회사 식구들이 잘쓰고 있습니다,기타,긍정,기타
배송빠르고 가성비 좋습니다.,가격/가성비,긍정,가성비
배송빠르고 가성비 좋습니다.,배송,긍정,빠르
아주좋아요 빠른배송 만족,배송,긍정,빠른
계속 잘 사용하고 있어요,기타,중립,기타
배송빨라요~ 가성비 좋아요~~,가격/가성비,긍정,가성비
아직 안써봤는데 싸게 잘샀아요,기타,중립,기타
빠른배송이 좋고 좋은제품 저렴하게 구입해서 좋네요,가격/가성비,긍정,저렴
빠른배송이 좋고 좋은제품 저렴하게 구입해서 좋네요,배송,긍정,빠른
가성비 너무 졸아요,가격/가성비,중립,가성비
질도 좋고 양도 많아요 배소도 빠르고요,배송,긍정,빠르
배송이 빨라요. 저렴하게 구입했어요.,가격/가성비,중립,저렴
"합리적인 금액으로 잘 구매한 것 같아요. 휴지가 너무 얇지도 않고, 딱 적당하고 휴지 사용시 먼지날림? 도 없고 좋습니다!",사용감,긍정,얇
"합리적인 금액으로 잘 구매한 것 같아요. 휴지가 너무 얇지도 않고, 딱 적당하고 휴지 사용시 먼지날림? 도 없고 좋습니다!",가격/가성비,긍정,합리
가성비.좋아요 추천요,가격/가성비,긍정,가성비
배송 빠르네요. 잘 사용할게요,배송,긍정,빠르
휴지 가격이 좋아서 사보았어요. 배송도 금방오고 상품도 안전하게 잘 받았어요. 기존 다른 휴지 쓰던것과 비교하니 크기가 아주 살짝 작아요. 도톰하니 얇지 않아서 맘에 들고 가루날림이 없어서 만족입니다.,기능/성능,긍정,도톰
휴지 가격이 좋아서 사보았어요. 배송도 금방오고 상품도 안전하게 잘 받았어요. 기존 다른 휴지 쓰던것과 비교하니 크기가 아주 살짝 작아요. 도톰하니 얇지 않아서 맘에 들고 가루날림이 없어서 만족입니다.,사용감,긍정,얇
휴지 가격이 좋아서 사보았어요. 배송도 금방오고 상품도 안전하게 잘 받았어요. 기존 다른 휴지 쓰던것과 비교하니 크기가 아주 살짝 작아요. 도톰하니 얇지 않아서 맘에 들고 가루날림이 없어서 만족입니다.,가격/가성비,긍정,가격
세번째구매네요 사무실에서 쓰고잇어요 좋습니다,기타,긍정,기타
먼지도 안나고 3겹이라 두께감도 마음에 들어요ㆍ,기타,중립,기타
잘 찢어지지 않아서 화장실용으로 적합하네요.재구매의사 있음,포장,긍정,찢
상품평이 좋은듯하여 시켜봤어요~~ 사용해보고 좋으면 또 구매하려구요~~,기타,긍정,기타
배송도빠르고 품질도 좋습니다.,배송,긍정,빠르
무형광 무향 화장지인데 저렴해서 너무 좋아요,냄새/향,긍정,무향
무형광 무향 화장지인데 저렴해서 너무 좋아요,냄새/향,긍정,향
무형광 무향 화장지인데 저렴해서 너무 좋아요,가격/가성비,긍정,저렴
부모님 댁에 한개 우리집에 한개주문했어요 잘사용할께요~~,기타,중립,기타
배송빠르고 좋네요 부모님댁에 하나 우리집에하나 총2개시켰어요~~,배송,긍정,빠르
너무너무 좋아요 굿굿,기타,긍정,기타
가격대비 가성비가 좋습니다. 지난번 쓰고 좋아서 재구매합니다. 감사합니다.,가격/가성비,긍정,가격
가격대비 가성비가 좋습니다. 지난번 쓰고 좋아서 재구매합니다. 감사합니다.,가격/가성비,긍정,가성비
도톰하고 사용하기 좋아요,기능/성능,긍정,도톰
배송도 빠르고 상품도 만족스럽습니다.,배송,긍정,빠르
추천입니다 배송도 빠르고 좋아요,배송,긍정,빠르
가격대비 좋아요 재구매.의사.있습니다.,가격/가성비,긍정,가격
사용감 좋고 배송 빠르고 포장이 꼼꼼해요,배송,긍정,빠르
이제품은 30롤 3개 처음 주문했는데 배송은 아주 빠르게 진행되어 만족합니다 제품도 사용해보고 후기 올려보도록 하겠습니다,배송,긍정,빠르
휴지 헤프게 쓰는 우리집엔 딱이에요,기타,중립,기타
사용해보니까 아주 만족스럽고 좋습니다 정말 백점 만점 입니다,기타,긍정,기타
싸게 잘샀어요 두께도 적당히 두꺼워서 강아지 오줌 닦을때 좋아요,기타,긍정,기타
많아서 좋네요. 계속 써보면 품질은 알거 같구요.,기타,긍정,기타
먼지안날리고 좋네요,기타,긍정,기타
품질 좋고 두께감도 있어 좋아요 3팩이라 당분간 잘 쓸거 같아요,기타,긍정,기타
저렴하게 잘 샀어요!,가격/가성비,중립,저렴
빠른 배송감사합니다.,배송,긍정,빠른
먼지도없고 두께도적당하고 아주좋아요,기타,긍정,기타
좋아요재구매할께요 좋아요 좋아요,기타,긍정,기타
빠른 배송으로 잘 받았습니다.,배송,중립,빠른
포장 꼼꼼하고 배송 빠르게 잘왔습니다 품질도 좋은 것 같습니다,배송,긍정,빠르
잘 왔습니다. 연속 주문이라 잘 쓸께요,기타,중립,기타
싸고 배송 빠르고 좋아요,배송,긍정,빠르
용량도 많고 두툼하니 좋네요 먼지도 안나구요~~,기타,긍정,기타
굿 가격만족 배송빠름 잘쓸께요,가격/가성비,긍정,가격
가격대비 최고의제품입니다.,가격/가성비,긍정,가격
조아용 마니파시고부자되세요,기타,중립,기타
괜찮아요 잘쓸만해요 잘상거같아여 담에또주문할게요,기타,긍정,기타
좋아요 마음에 들어요,기타,긍정,기타
배송빠르고 좋아요 잘쓸께요,배송,긍정,빠르
계속 쓰는 제품으로 좋아요,기타,긍정,기타
배송 빠르고 두툼하니 좋아요..,배송,긍정,빠르
부드러워요~저렴하게 잘샀습니다~~,사용감,긍정,부드
부드러워요~저렴하게 잘샀습니다~~,가격/가성비,긍정,저렴
배송도빠르고괜찮아요!!,배송,긍정,빠르
좋아요 배송도빠르고 또구매할께요,배송,긍정,빠르
상품이 좋아 이것만씀,기타,긍정,기타
저렴한 가격과 부드럽고 질긴 제질의 좋은 화장지입니다.,사용감,긍정,부드
저렴한 가격과 부드럽고 질긴 제질의 좋은 화장지입니다.,가격/가성비,긍정,가격
저렴한 가격과 부드럽고 질긴 제질의 좋은 화장지입니다.,가격/가성비,긍정,저렴
두툼하니 질 좋고 괜찮습니다,기타,긍정,기타
제품이 좋아요. 배송이 빨라요. 가격도 싸고 좋습니다,가격/가성비,긍정,가격
배송빠르고 제품 훌륭해요,배송,긍정,빠르
잘 사용하겠습니다.,기타,중립,기타
잘쓰고있어요 감사합니다,기타,긍정,기타
배송도 빠르고 가성비 좋습니다,가격/가성비,긍정,가성비
배송도 빠르고 가성비 좋습니다,배송,긍정,빠르
튼튼하고 두꺼워요 먼지도 없구요,기타,중립,기타
가성비좋아요 ㅋㅋ 펜트리꽉차서좋아요,가격/가성비,긍정,가성비
저렴하고 좋아요 롤이 길어서 좋아요,가격/가성비,긍정,저렴
가성비 좋네요~! 한동안 화장지 걱정은 끝~ ㅋ,가격/가성비,긍정,가성비
"배송 빨랐구요, 가격도 저렴했어요 먼지는 없는거 같구요 저렴하니 크리넥스같은 부드러움은 기대 안했어요. 근데 다신 구매 안하려구요 질이 안좋아요. 한예지 쓰려구요",사용감,긍정,부드
"배송 빨랐구요, 가격도 저렴했어요 먼지는 없는거 같구요 저렴하니 크리넥스같은 부드러움은 기대 안했어요. 근데 다신 구매 안하려구요 질이 안좋아요. 한예지 쓰려구요",가격/가성비,긍정,가격
"배송 빨랐구요, 가격도 저렴했어요 먼지는 없는거 같구요 저렴하니 크리넥스같은 부드러움은 기대 안했어요. 근데 다신 구매 안하려구요 질이 안좋아요. 한예지 쓰려구요",가격/가성비,긍정,저렴
좋아서 또 샀어요~~ 좋아요 ㅎㅎ,기타,긍정,기타
빠른배송에 감사합니다. 제품품질은 가격대비 괜챦은편입니다.,가격/가성비,긍정,가격
빠른배송에 감사합니다. 제품품질은 가격대비 괜챦은편입니다.,배송,긍정,빠른
항상 잘 사용하고 있습니다 ! 감사합니다 !,기타,긍정,기타
비싼거쓰다 쓰기에는.. 부드러운 느낌보단 약간 거칠단느낌이 들긴합니다. 몇일써보니 나쁘진안습니다. 한팩이아니라 세팩이다보니.. 예민하신분들은 한팩짜리먼저 구매해서 써보셔야 할 듯 해요..,사용감,긍정,거칠
비싼거쓰다 쓰기에는.. 부드러운 느낌보단 약간 거칠단느낌이 들긴합니다. 몇일써보니 나쁘진안습니다. 한팩이아니라 세팩이다보니.. 예민하신분들은 한팩짜리먼저 구매해서 써보셔야 할 듯 해요..,사용감,긍정,부드
비싼거쓰다 쓰기에는.. 부드러운 느낌보단 약간 거칠단느낌이 들긴합니다. 몇일써보니 나쁘진안습니다. 한팩이아니라 세팩이다보니.. 예민하신분들은 한팩짜리먼저 구매해서 써보셔야 할 듯 해요..,사용감,부정,거칠
비싼거쓰다 쓰기에는.. 부드러운 느낌보단 약간 거칠단느낌이 들긴합니다. 몇일써보니 나쁘진안습니다. 한팩이아니라 세팩이다보니.. 예민하신분들은 한팩짜리먼저 구매해서 써보셔야 할 듯 해요..,사용감,부정,부드
가성비 좋고 리뷰가 많아서 구입했네요 좋으면 재구매할게요,가격/가성비,긍정,가성비
넉넉히 주문해서 잘 사용하고 있습니다~ 두께도 도톰하고 좋아요:),기능/성능,긍정,도톰
배송빨리잘왔어요ㅎㅎ,배송,중립,빨리
가성비 좋다고해서 구입했는데 너무 뻣뻣 하 언제 다씀,가격/가성비,긍정,가성비
늘 쓰던거라 구매했어요. 좋아요,기타,긍정,기타
손으로만졌을때까칠한것같았는제 막상쓰니괜찮았ㅇㄷㅁ,기타,긍정,기타
좋습니다 감사합니다,기타,긍정,기타
매달 주문하는거예요! 이만한 가성비 휴지는 없다고 보심되요,가격/가성비,중립,가성비
화장지는 이곳이 최고입니다.,기타,긍정,기타
물건잘받았습니다 잘쓸게요,기타,중립,기타
어머님께 보내드렸는데 좋아하시네여,기타,긍정,기타
좋아여 ㅎ 재구매 할께욘,기타,긍정,기타
두께도 두껍고 부드럽워서 잘 쓰고 있어요,사용감,긍정,두껍
두께도 두껍고 부드럽워서 잘 쓰고 있어요,사용감,긍정,부드
잘 쓰고 있습니다 좋아요,기타,긍정,기타
빠른배송감사합니다!!~~,배송,긍정,빠른
항상 잘 쓰고 있어요 단골입니다,기타,중립,기타
넉넉하니 좋습니다 품질은 보통이지만 만족스럽습니다,기타,긍정,기타
배송 빠르게 잘 ㅂ도착했어요,배송,긍정,도착
배송 빠르게 잘 ㅂ도착했어요,배송,긍정,빠르
두툼한 화장지 저렴하게 잘구매했어요..당분간 오래쓸꺼같아요.,가격/가성비,중립,저렴
가격대비 품질 좋아요 추천합니다,가격/가성비,긍정,가격
가격 대비 좋아요!,가격/가성비,긍정,가격
배송 빠르고 가성비 좋아요!,가격/가성비,긍정,가성비
배송 빠르고 가성비 좋아요!,배송,긍정,빠르
잘 받았습니다. 많이 파세요.,기타,중립,기타
먼지 안나고 재구매해서 계속 잘 쓰고 있어요,기타,긍정,기타
좋아요 가정에서 가성비 따지면요,가격/가성비,긍정,가성비
후기 믿고 샀는데 기대와 다르네요ㅠ 부드러움이 덜하고 뻣뻣함과 거칠음.6팩 샀는디 ..그래도 다 써야지요,사용감,긍정,거칠
후기 믿고 샀는데 기대와 다르네요ㅠ 부드러움이 덜하고 뻣뻣함과 거칠음.6팩 샀는디 ..그래도 다 써야지요,사용감,긍정,부드
후기가 좋아서 기대를 많이하고 6팩이나 샀는데 기대와 달리 지금 사용하고 있는 것보다 부드럽지않고 좀 뻣뻣함과 거친면이 있어요. 6팩을 언제 다 쓰나 좀 고민이 되네요ᆢ,사용감,긍정,부드
배송빠르고 안전하게 잘도착했습니다,배송,긍정,도착
배송빠르고 안전하게 잘도착했습니다,배송,긍정,빠르
가격대비 좋아서 떨어질때마다 추가 구입하고 있어요,가격/가성비,긍정,가격
배송빠르게 잘 받았어요~ 사용하기 좋네요,배송,긍정,빠르
먼지없이 좋아요 잘 쓰고 있어요,기타,긍정,기타
매번 주문했어요 ~ !!,기타,중립,기타
탈팡하고 네이버 쇼핑와서 첫주문 확실히 배송은 쿠팡이 빠르긴 하세요 그래도 타팡하고 맘이 좀노잉,배송,긍정,빠르
배송빠르고 휴지 느낌도 좋아요~~,배송,긍정,빠르
아직 쓰진않았는데 좋을꺼같아요,기타,긍정,기타
먼지가좀있어요 그래도 싸게잘샀어요,기타,중립,기타
저렴한 가격에 잘 산것 같아요,가격/가성비,중립,가격
저렴한 가격에 잘 산것 같아요,가격/가성비,중립,저렴
항상쓰는제품이네요 좋아요,기타,긍정,기타
처음 주문한거라 좋은지 안좋은지 몰라요,기타,긍정,기타
배송도 빨리오고 좋아요,배송,긍정,빨리
가격이 싸서 걱정했는데 두께 적당하고요 품질도 좋아요,가격/가성비,긍정,가격
빠른배송감사요~~,배송,긍정,빠른
직원들이 많아 매번 주문하고있는데 배송빠르고 저렴한데 두께감도 있고 좋아요!!,가격/가성비,긍정,저렴
직원들이 많아 매번 주문하고있는데 배송빠르고 저렴한데 두께감도 있고 좋아요!!,배송,긍정,빠르
착한가격에 좋은 제품 구매했어요,가격/가성비,긍정,가격
빠른 배송 좋은 품질 감사합니다,배송,긍정,빠른
만족합니다. 넉넉하니 좋네요~,기타,긍정,기타
라용하기 부드럽고 좋아요.,사용감,긍정,부드
잘먹고있어요 감사합니다,기타,긍정,기타
아주 많이 매우 만족합니다,기타,긍정,기타
만족합니다. 잘 쓸거같아요.,기타,긍정,기타
배송빠르고 제품 좋아요,배송,긍정,빠르
부드럽고 좋어요~~,사용감,긍정,부드
배송이 빠르고 좋아요. 잘쓸게요,배송,긍정,빠르
저렴한 가격에 꼭 필요한 생활용품 좋은 휴지를 득템해서 너무좋아욤!! 떨어지면 담에도 또 구매할께여!!,가격/가성비,긍정,가격
저렴한 가격에 꼭 필요한 생활용품 좋은 휴지를 득템해서 너무좋아욤!! 떨어지면 담에도 또 구매할께여!!,가격/가성비,긍정,저렴
잘쓸게요. 많이 파세요,기타,중립,기타
화장지 좋아요 자주 쓸께요,기타,긍정,기타
가성비있고 좋네요 잘 쓰겠습니다,가격/가성비,긍정,가성비
비교적 괜찮은 것 같습니다,기타,긍정,기타
만족합니다 이장도면 튼튼해요,기타,긍정,기타
잘사용하겠습니다 많이 파세요,기타,중립,기타
후기보고 구매했는데 저렴하게 잘 구매한거 같아요 당분간은 화장지 구매안해도 될거 같네요 다쓰고 나면 재구매 할게요,가격/가성비,긍정,저렴
부드럽네요 잘쓰겠습니다ㅎㅎ,사용감,긍정,부드
저렴하고 품질 좋아요 잘 쓰겠습니다,가격/가성비,긍정,저렴
빠르게 잘 받았습니다.,배송,긍정,빠르
휴지 쓰기 좋아요 잘 쓰고 있어요 ㅎㅎ,기타,긍정,기타
보플없이 깨끗하고 좋아요.,기타,긍정,기타
부드럽고 좋아요 ~~,사용감,긍정,부드
빠른배송감사합니다.,배송,긍정,빠른
좋아요! 감사합니다!,기타,긍정,기타
가격이 착해서 젛아요,가격/가성비,중립,가격
늘 주문해서 쓰고 있어요 다음에도구매할께ㅣ요,기타,중립,기타
빠른배송 감사합니다 잘 사용하겠습니다,배송,긍정,빠른
저렴한가격 빠른배송 감사합니다,가격/가성비,긍정,가격
저렴한가격 빠른배송 감사합니다,가격/가성비,긍정,저렴
저렴한가격 빠른배송 감사합니다,배송,긍정,빠른
빠른 배송 감사합니다 ㅎㅎ,배송,긍정,빠른
가성비 최고 도톰하니 좋아요,기능/성능,긍정,도톰
가성비 최고 도톰하니 좋아요,가격/가성비,긍정,가성비
좋아요 다음에 세일할 때 또 시켜야겠어요,기타,긍정,기타
좋아요~~bullbullbull,기타,긍정,기타
배송도 빠르고 화장지도좋네요,배송,긍정,빠르
저렴하게 잘구매햇어요,가격/가성비,중립,저렴
질도 좋고 가성비가 좋아여,가격/가성비,긍정,가성비
가격 대비 품질 좋으네요,가격/가성비,긍정,가격
가성비좋아요. 계속 재구매해요,가격/가성비,긍정,가성비
빠른 배송 좋네요 질도 좋으면 좋겠어요,배송,긍정,빠른
항상 쓰고 있어요 좋아요,기타,긍정,기타
몇년째 계속 쓰고 있는 제품입니다!! 톡톡해서 물묻어도 찢어짐이 거의없고 가루날림이 없어서 너무 좋아요:),포장,긍정,찢
가성비가 좋아요. 다음에도 주문할게요,가격/가성비,긍정,가성비
"가격도 저렴한데, 품질도 좋네요. 보통은 저렴한 대신 질이 많이 떨어지는데, 이 제품은 다르네요. 만족합니다.",가격/가성비,긍정,가격
"가격도 저렴한데, 품질도 좋네요. 보통은 저렴한 대신 질이 많이 떨어지는데, 이 제품은 다르네요. 만족합니다.",가격/가성비,긍정,저렴
좋습니다 아주 만족합니다,기타,긍정,기타
배송 빠르고 가성비 좋아서 항상 애용하고 있습니다,가격/가성비,긍정,가성비
배송 빠르고 가성비 좋아서 항상 애용하고 있습니다,배송,긍정,빠르
매번 사용하는데 배송빠르고 좋아요,배송,긍정,빠르
제일 저렴하게 잘 샀어요 잘쓸게요,가격/가성비,중립,저렴
잘받았습니다 많이 파세요,기타,중립,기타
질기고 먼지도 없네요~ 맘에드는 화장지 찾았네요~,기타,중립,기타
싸게 잘 샀어요~~,기타,중립,기타
빠른 배송 감사합니당 ㅎㅎㅎ 질이 좋아서 또 주문하려구요!,배송,긍정,빠른
양이 많아 오래쓸듯하네요 저렴하게 잘샀네요,가격/가성비,중립,저렴
좋아요 좋아요 감사합니다,기타,긍정,기타
만족합니다 감사합니다,기타,긍정,기타
저렴하게 잘 구매한것 같아요,가격/가성비,중립,저렴
계속 재구매하면 잘 쓰고 있어요,기타,긍정,기타
좋네요 가격이 착함,가격/가성비,긍정,가격
저렴하게 휴지 구입할 수 있어 좋았습니다,가격/가성비,긍정,저렴
가성비 좋아요!! 너무 얇지않고 좋네요,사용감,긍정,얇
가성비 좋아요!! 너무 얇지않고 좋네요,가격/가성비,긍정,가성비
급하게 필요했는데 빠르게 배송해주셨습니다. 또 구매 할겁니다.,배송,긍정,빠르
빠른배송 감사합니다 아직써보지 않았지만 평보고 샀습니다,배송,긍정,빠른
저렴하게구매했습니다,가격/가성비,중립,저렴
좋아요 좋아요 좋아요 ..,기타,긍정,기타
좋아요좋아요좋아요좋아요좋아요좋아요좋아요,기타,긍정,기타
빠른배송 감사합니다 또 주문하겠 습니다,배송,긍정,빠른
빠른배송감사합니다. 집들이 선물줄꺼 미리샀는데 잘썼으면 좋겠네요,배송,긍정,빠른
휴지 좋아요 ㅎㅎ잘쓰겠습니다.,기타,긍정,기타
롤앤롤 플리미엄 화장지가 .._,기타,중립,기타
리뷰보고 샀는데 좀 후회합니다. 가성비는 좋은데 화장지가 너무 거칠어요,사용감,긍정,거칠
리뷰보고 샀는데 좀 후회합니다. 가성비는 좋은데 화장지가 너무 거칠어요,가격/가성비,긍정,가성비
감사합니다~ 잘 받았습니다,기타,긍정,기타
배송 빠르며 제품 좋습니다.,배송,긍정,빠르
좋아요. 첨에뜯을때 3겹휴진데 한겹만 뜯겨 당황했어요.ㅎㅎ,기타,긍정,기타
가격대비 좋아요.,가격/가성비,긍정,가격
저렴하게 잘 구매했습니다. 잘쓰겠습니다.,가격/가성비,중립,저렴
너무너무 좋아요 잘쓰겠습니다,기타,긍정,기타
첫 구매후 재구매 입니다 가격대비 만족 이예요 좋아요,가격/가성비,긍정,가격
배송도 빠르고 도통하니 품질도 좋습니다 벌써 세번째 구매하네요,배송,긍정,빠르
가격도 싸고 양도 많고 품질도 양호하네요 재구매 할것 같아요,가격/가성비,긍정,가격
잘쓰고있어요 날림이 좀 있어요,기타,중립,기타
빠른배송과 가성비 최고 입니다.,가격/가성비,긍정,가성비
빠른배송과 가성비 최고 입니다.,배송,긍정,빠른
배송빠르고 먼지 안날려서 좋아요,배송,긍정,빠르
폭이 좁긴하지만 이가격에 이정도 퀄리티면 대만족입니다 재구매 있는 휴지입니다,가격/가성비,긍정,가격
도톰하고 먼지 날림적어서 좋아요,기능/성능,긍정,도톰
휴지 보송뽀송하고 좋아요. 먼지도 않나요,기타,긍정,기타
먼지 날림이 확실히 적어서 좋아요,기타,긍정,기타
배송빠르고 좋아요 잘쓸게요,배송,긍정,빠르
배송도 빠르고 포장도 꼼꼼하네요 먼지가 안나서 좋아요,배송,긍정,빠르
배송빠르고 포장 꼼꼼해서 만족합니다 ㅎ,배송,긍정,빠르
항상 사용하는제품 좋아요,기타,긍정,기타
배송도 빠르고 잘 쓸께요,배송,긍정,빠르
양이 많네요 양이 많네요양이 많네요,기타,중립,기타
빠른배송 감사합니다 잘사용하겠습니다,배송,긍정,빠른
"배송 빠르고 휴지 질도 좋아요! 부드럽기도 하고, 찌그러져서 온 휴지 하나 없어요~",사용감,긍정,부드
"배송 빠르고 휴지 질도 좋아요! 부드럽기도 하고, 찌그러져서 온 휴지 하나 없어요~",배송,긍정,빠르
배송도 빠르고 화장지도 마음에 듭니다. 가격이 좋아요.,가격/가성비,긍정,가격
배송도 빠르고 화장지도 마음에 듭니다. 가격이 좋아요.,배송,긍정,빠르
가격대비 양많고 막쓰기 좋아요,가격/가성비,긍정,가격
저렴한 가격으로 잘 쓰고 있습니다,가격/가성비,중립,가격
저렴한 가격으로 잘 쓰고 있습니다,가격/가성비,중립,저렴
꼼꼼하게 잘 포장되어 도착했어요,배송,중립,도착
가격대비 두께도좋아요,가격/가성비,긍정,가격
배송도 빠르고 가격도 좋아요,가격/가성비,긍정,가격
배송도 빠르고 가격도 좋아요,배송,긍정,빠르
리뷰보고 주문했는데 역시나 좋네요. 대가족이라 많이필요했는데 싸게잘구매했어요,기타,긍정,기타
좋아요 좋아요 좋아요 좋아요 좋아요,기타,긍정,기타
잘받앗습니다. 두툼하니좋네요.,기타,긍정,기타
가성비 좋아요 양 많아요,가격/가성비,긍정,가성비
배송도 빠르고 좋네요 감사합니다.,배송,긍정,빠르
항상 잘 쓰고 있어요.,기타,중립,기타
계속쓰구있는데 넘조앙ㆍ니,기타,중립,기타
세개 묶음으로 사니 든든하고 좋습니다~~,기타,긍정,기타
후기 보고 주문했는데 정말 먼지 덜 나는 것 같구요~ 부드럽진 않지만 뭔가 깔끔한 느낌이 들어서 좋으네요~ 잘 쓸께요~,사용감,긍정,부드
배송 빠르고 상품 안전하게 잘 받았습니다,배송,긍정,빠르
배송빨리오고 가격저럼해서 좋아요,가격/가성비,긍정,가격
배송빨리오고 가격저럼해서 좋아요,배송,긍정,빨리
먼지더 덜 나고 좋야요,기타,긍정,기타
처음 써보는데 너무 좋아요,기타,긍정,기타
후기보고 주문했어요~ 잘써볼게요,기타,중립,기타
저렴하게 잘쓰고있어요,가격/가성비,중립,저렴
휴지 잘쓸께요.저렴하게 구입했습니다.,가격/가성비,중립,저렴
가격이 싸서 제품의 질이 좋을거라 생각안했는데 제품 좋네요 만족하고 사용하고있습니다,가격/가성비,긍정,가격
생각보다 두께는 그렇습니다. 가격대비 수량 성능은 괜찮은편입니다.,기능/성능,긍정,성능
생각보다 두께는 그렇습니다. 가격대비 수량 성능은 괜찮은편입니다.,가격/가성비,긍정,가격
양 정말 많네요. 가성비 최고입니다.,가격/가성비,긍정,가성비
조아유~~,기타,중립,기타
배송 3봉지 따로 올줄알았는데 들기편하게 왔네요 굳,사용감,긍정,편하
가성비가 매우 좋아요,가격/가성비,긍정,가성비
좋은휴지를 좋은가격에 잘 구입했습니다,가격/가성비,긍정,가격
가격대비 좋아요..,가격/가성비,긍정,가격
잘 사용중이에요~ 근데 금방 쓰는 느낌이에요..ㅠㅠ,기타,중립,기타
조금 얇은감이 잇어요,사용감,중립,얇
롤앤롤 프리미엄 화장지 3겹 30m 30롤 3팩 든든 하네요,기타,중립,기타
엄마 사드렸어요 좋아하시네요,기타,긍정,기타
두껍고 조아용 재구매 할듯용,사용감,긍정,두껍
배송빠르고 뽀송하니 좋아요. 제구매 입니다,배송,긍정,빠르
배송진자빠르고 양많고 가성비 너무 좋아요!!,가격/가성비,긍정,가성비
배송진자빠르고 양많고 가성비 너무 좋아요!!,배송,긍정,빠르
좋아요 양도 많고 가성비입니다,가격/가성비,긍정,가성비
화장지도톰하고 늘대왕꺼만 시켜서잘쓰고있슴돠~배송도빠로고 좋아요,기능/성능,긍정,도톰
사무실에서 늘 사용하는 화장지입니다. 한달에 한번은 구매하는것같구요 배송도 빠르고 먼지날림없이 잘 사용하고있어요~,배송,긍정,빠르
좋아요..,기타,긍정,기타
좋아요 만족합니다,기타,긍정,기타
다른건 사용 못할정도로 이집에서만 구매하네요 잘 쓸께요,기타,중립,기타
착한 가격에 구매했어요,가격/가성비,중립,가격
아주 좋아요~~,기타,긍정,기타
급하게 주문했는데 빨리배송되었고 자주쓰는거라 믿고구매해요,배송,중립,빨리
다더 써봐야 알겠지만 먼지는 좀 나는듯,기타,중립,기타
휴지 좋아요. 벌써 6번정도 주문한것 같아요,기타,긍정,기타
부들부들하이 아주 좋습니다,기타,긍정,기타
화장지를 많이 사용하는데 저렴하게 판매해서 좋네요. 화장지 질도 나쁘지 않습니다. 잘 사용하겠습니다,가격/가성비,긍정,저렴
화장지를 많이 사용하는데 저렴하게 판매해서 좋네요. 화장지 질도 나쁘지 않습니다. 잘 사용하겠습니다,가격/가성비,부정,저렴
아직안썼는데한달후자세한리뷰올릴께요,기타,중립,기타
매번쓰던거라 믿고주문합니다,기타,중립,기타
주말에 시켰는데 담날 바로오고 이 가격에 만족합니다!!,가격/가성비,긍정,가격
좋아요~~~~,기타,긍정,기타
아직 사용중 사용해 보고 마음에 들면 또 구매하겠음,기타,중립,기타
집에서쓰기에부담멊른듯요,기타,중립,기타
이거 친구집에서 쓰고 괜찮라서 주문햇어요,기타,긍정,기타
갯수도많구구저렴해요,가격/가성비,중립,저렴
매번 구매하지만 참 가성비 좋습니다,가격/가성비,긍정,가성비
업소용 휴지 이거만 쓰고있어요,기타,중립,기타
배송도 빠르고 마음에 듭니다 대박나세요,배송,긍정,빠르
늘 사용하는 제품이에요 만족합니다 ! 귯,기타,긍정,기타
휴지필요해서 샀는데 좋아요,기타,긍정,기타
질 좋아요 잘쓸게요,기타,긍정,기타
먼지많이있지않구 가성비 괜찮아요,가격/가성비,긍정,가성비
잘 닦여요! 가격도 좋네요,가격/가성비,긍정,가격
역시 싼게 비지떡입니다. 짱짱하게 감겨있지도 않고 말이 3겹이지 1겹정도로 보입니다. 아주 싸구려 화장지입니다. 다시 구매하지 않을 정도로 마음에 들지 않습니다. 가급적 나쁜후기 남기지 않는데..,기타,중립,기타
중급 이상은 돠는거 같네요,기타,중립,기타
저렴한대신 3겹치고는 조금 얇아요 그래도 가격생각하면 가성비죠!,사용감,중립,얇
저렴한대신 3겹치고는 조금 얇아요 그래도 가격생각하면 가성비죠!,가격/가성비,중립,가격
저렴한대신 3겹치고는 조금 얇아요 그래도 가격생각하면 가성비죠!,가격/가성비,중립,가성비
저렴한대신 3겹치고는 조금 얇아요 그래도 가격생각하면 가성비죠!,가격/가성비,중립,저렴
두툼하고 부드러움 사용감 좋고 추천요 쟁여두고 사용중,사용감,긍정,부드
애완동물 있는집이라 막 쓰려고 가성비만 보고 구매 가성비대비 쓸만함,가격/가성비,중립,가성비
너무 잘 사용하고 있어요 질이 좋네요 최고에요,기타,긍정,기타
도톰하고 좋은데 가격도 착해요,기능/성능,긍정,도톰
도톰하고 좋은데 가격도 착해요,가격/가성비,긍정,가격
두툼하고 부드럽네요,사용감,긍정,부드
저렴하게 좋은 상품 감솨,가격/가성비,긍정,저렴
항상 잘 쓰고있어여,기타,중립,기타
롤앤롤 프리미엄 화장지 좋아서 이것만 쓰고있어요,기타,긍정,기타
일요일에 주문했는데 월요일에 받았어요 배송빠르고 저렴해서 너무 좋네요,가격/가성비,긍정,저렴
일요일에 주문했는데 월요일에 받았어요 배송빠르고 저렴해서 너무 좋네요,배송,긍정,빠르
먼지도 덜나고 좋아요. 다음부터 이거만 쓰려고요,기타,긍정,기타
배송빠르고 제품 상태좋아요,배송,긍정,빠르
매번쓰는거라 제 주문합니다,기타,중립,기타
배송도 빠르고 도톰하고 좋아요,기능/성능,긍정,도톰
배송도 빠르고 도톰하고 좋아요,배송,긍정,빠르
굿이에요.구구굿입니다.,기타,중립,기타
3겹30롤 가격대비 괜찬아요,가격/가성비,중립,가격
배송도 엄청나게 빠르고 제품좋습니다,배송,긍정,빠르
두툼하기도 하도 가격도 저렴한편이라 자주 이용하고있습니다,가격/가성비,중립,가격
두툼하기도 하도 가격도 저렴한편이라 자주 이용하고있습니다,가격/가성비,중립,저렴
항상 잘 쓰고 있어요 감사합니다,기타,긍정,기타
좋습니다ltltltltltltltltltlt,기타,긍정,기타
두번째 구매입니다. 저렴한것도있고 비싼제품과 차이가 없어 시키게 됩니다.,가격/가성비,중립,저렴
산뜻하고잘발라지는게좋음ㅎㅎ,기타,긍정,기타
넘넘 좋아옼ㄱㅇㅌ헤헤,기타,긍정,기타
좋어요 만족해요 많이퍼세요,기타,긍정,기타
잘뜯기는 화장지 는 아니지만 사용감은 좋아요,기타,긍정,기타
가격대비 만족합니다,가격/가성비,긍정,가격
좋아요 좋아요 좋아요 좋아요 좋아요 좋아요 좋아요,기타,긍정,기타
아직미사용중이지먼가격이,가격/가성비,중립,가격
아주 만족스럽습니다,기타,긍정,기타
최고예요 역시 좋아요,기타,긍정,기타
전에 쓰던 휴지보다 도톰해서 마음에 들었어요. 가성비 좋은 제품이에요.,기능/성능,긍정,도톰
전에 쓰던 휴지보다 도톰해서 마음에 들었어요. 가성비 좋은 제품이에요.,가격/가성비,긍정,가성비
항상구매하는 제품입니다,기타,중립,기타
아직 사용하지는 않았지만 일단 든든하네요.,기타,중립,기타
저렴한 가격에 잘 구매했습니다.,가격/가성비,중립,가격
저렴한 가격에 잘 구매했습니다.,가격/가성비,중립,저렴
잘받았습니다. 저렴하게 잘 구매했습니다.,가격/가성비,중립,저렴
저렴하게 잘샀어요 많이파세요,가격/가성비,중립,저렴
주문 하루만에 왔습니다. 가격 대비 상품 괜찮습니다.,가격/가성비,긍정,가격
제품이 너무 좋습니다.,기타,긍정,기타
가격도 적당하고 사용감도 좋아요,가격/가성비,긍정,가격
너무 좋아요 한동안 잘 쓰겠어요,기타,긍정,기타
잘쓸께요. 감사합니니다,기타,긍정,기타
두툼해서 좋아요 잘 쓰고 있어요~,기타,긍정,기타
처음 구매해봤어요. 먼지도 적게 나고 짱짱해서 좋네요.,기타,긍정,기타
보기만 해도 든든합니다 빠른배송에 감사합니다,배송,긍정,빠른
아주 좋아요 만족합니다,기타,긍정,기타
배송빠르고 좋아요 강추,배송,긍정,빠르
두번째구입이네요 번창하세요,기타,중립,기타
부드럽고 좋아요~~싸게 구매해서 옿아요,사용감,긍정,부드
가성비 좋아요~~ 빠른배송 무난해요,가격/가성비,긍정,가성비
가성비 좋아요~~ 빠른배송 무난해요,배송,긍정,빠른
아직 미 사용이라.. 잘 모르겠지만.. 좋겠죠?,기타,긍정,기타
가정에서 사용하기 좋아요..,기타,긍정,기타
괜찮습니다 잘쓸껭요,기타,긍정,기타
가성비 굳입니다 아주,가격/가성비,중립,가성비
좋은가격에 구입 잘사용하겠습니다 수고하세요,가격/가성비,긍정,가격
매번 쓰지만 최고입니다.. 짱짱,기타,긍정,기타
항상 좋아서 재주문해서 쓰고있어요,기타,긍정,기타
자주 이용하고 있어요,기타,중립,기타
카페에서 계속사용중 입니다,기타,중립,기타
"가격대비,,,, 얇습니다.",사용감,중립,얇
"가격대비,,,, 얇습니다.",가격/가성비,중립,가격
가격에 비해 정말 좋아요 휴지도 가격이 많이 올라서 힘든데 그래도 이가격이면 저럼하네요,가격/가성비,긍정,가격
넉넉한 구성에 든든하네요. 잘 쓸게요.,기타,중립,기타
상품이 좋고 사용하기가 편해요 다음에도 또 구매하고 싶습니다,기타,긍정,기타
헬키브랜드만 썼는대 적립금때문에 홈쇼핑노예가 된거 같아서 바꾸왔는댕 다시 돌아가야할꺼 같아요 ㅠ 너무까끌해요,기타,중립,기타
좋아요 좋아요 ㅎㅎ ㅋㅋㅋ ㅋㅋㅋ ㅋㅋ,기타,긍정,기타
가성비 좋아서 계속 쓰고 있어요,가격/가성비,긍정,가성비
가격도 저렴하고 먼지도없고 너무좋습니다,가격/가성비,긍정,가격
가격도 저렴하고 먼지도없고 너무좋습니다,가격/가성비,긍정,저렴
배송 빠르고 저렴해서 좋은거 같아요,가격/가성비,긍정,저렴
배송 빠르고 저렴해서 좋은거 같아요,배송,긍정,빠르
촘촘하니 좋아요~~,기타,긍정,기타
아직사용전이나 좋을거같아요 잘쓸께요,기타,긍정,기타
저렴이 화장지중 끝까지 깔끔하게끝나는게 별로없는데 깨끗하게심지만 남아서 너무좋아요 잘쓸께요,가격/가성비,긍정,저렴
가격 대비 품질이 괜찮습니다.,가격/가성비,긍정,가격
잘받았습니다 1년은 쓰겠어요,기타,중립,기타
항상 이몽하는 제품입니다,기타,중립,기타
좀 거칠긴하지만 저렴해서 막쓰기 좋아요,사용감,긍정,거칠
좀 거칠긴하지만 저렴해서 막쓰기 좋아요,가격/가성비,긍정,저렴
배송이 빠르고 좋아요,배송,긍정,빠르
가성비가 좋은거 같아요 자주 이용할께요,가격/가성비,긍정,가성비
너무너무 좋습니다.,기타,긍정,기타
썼던제품인데 괜찮아서 다시 시켰어요,기타,긍정,기타
가성비 제품입니다 잘쓸께요,가격/가성비,중립,가성비
잘 받았어요 배송빠르고 좋아요,배송,긍정,빠르
자주 사용하지만 저렴하고 좋아요,가격/가성비,긍정,저렴
항상 구매하고 있어요~~ 잘 사용하고 있습니다,기타,중립,기타
오 만족합니다. 오래쓸듯 합니다!!,기타,긍정,기타
먼지도 적고 양은 좋아요,기타,긍정,기타
잘받았습니다. 많이파세요~,기타,중립,기타
늘사용하고있어요 없으면안되요,기타,중립,기타
부드럽고 촉감이 좋아서 개운합니다,사용감,긍정,부드
부드럽고 촉감이 좋아서 개운합니다,사용감,긍정,촉감
배송도 빠르고 좋아요ㅎㅎ,배송,긍정,빠르
저럼하고 질도 좋아요,기타,긍정,기타
부드럽고 양많고 보풀없어 좋아요,사용감,긍정,부드
먼지도별로없고맘에들어요,기타,중립,기타
간단한 청소용으로 쓰려고 구매. 저렴해서 푠히 쓸거 같음. 잘 받았습니다.,가격/가성비,중립,저렴
배송빠르고 안전하게잘받앗어요 잘쓸게요,배송,긍정,빠르
두께도 좋고 사용하기 좋아요,기타,긍정,기타
넉넉하게시켜서 부모님과 같이씁니다,기타,중립,기타
품질이 좋아서 친정에 매번 보내 드리고있어요~,기타,긍정,기타
화장지 만족합니다 좋습니다,기타,긍정,기타
가성비좋은거같아요 ㅎㅎㅎ,가격/가성비,긍정,가성비
그냥그냥 쓸만합니다. 이 가격때의 화장지 정도의 품질입니다.,가격/가성비,중립,가격
늘주문해서 사용하는거예요 배송도 빠르고 가격도 좋아요,가격/가성비,긍정,가격
늘주문해서 사용하는거예요 배송도 빠르고 가격도 좋아요,배송,긍정,빠르
저렴하게구입할 수있어서좋아요.잘쓸게요,가격/가성비,긍정,저렴
이상없이 잘 왔어요.,기타,중립,기타
감사합니다 잘 받았습니다 꾸준히 구매해서 사용하고 있어요,기타,긍정,기타
항상 쓰는건데 배송도 빠르고 가성비 좋아요!,가격/가성비,긍정,가성비
항상 쓰는건데 배송도 빠르고 가성비 좋아요!,배송,긍정,빠르
배송 무지 빠르네요 생각 보다 가볍네요,배송,긍정,빠르
항상 잘 쓰고있습니다,기타,중립,기타
세 묶음을 한번에 팔아서 질이 낮은것은 아닌지 의심을 좀 했는데 사용결과 전에 사용하던 제품과 차이가 없고 좋았습니다. 앞으로 재구매 의사도 있습니다.,기타,긍정,기타
한번 써보겠습니다 .,기타,중립,기타
부드럽고 좋아요. 저렴하게 잘 샀어요.,사용감,긍정,부드
부드럽고 좋아요. 저렴하게 잘 샀어요.,가격/가성비,긍정,저렴
질이 좋아요 가격도 좋아요,가격/가성비,긍정,가격
배송빠르구요 포장도 꼼꼼해요 먼지가 많이 나질않네요 제품 질이 좋아요,배송,긍정,빠르
평이좋아서 구매해봤는데 부드럽다는 댓글이 많았는데 제가 느끼기에는 거칠어요 양이 많아서일단 사용해봅니다,사용감,긍정,거칠
평이좋아서 구매해봤는데 부드럽다는 댓글이 많았는데 제가 느끼기에는 거칠어요 양이 많아서일단 사용해봅니다,사용감,긍정,부드
가격에비해 질이 아주좋아요 앞으로도계속해사용할것같아여,가격/가성비,긍정,가격
배송도 빠르고 휴지도 두툼하니 좋아요,배송,긍정,빠르
가성비 정말좋아요 총알배송까지,가격/가성비,긍정,가성비
생각한 갓보다 상품의 질이 좋은거 같아요,기타,긍정,기타
친구집들이 선물로 줬어요 맘에들어하네요,기타,중립,기타
가성대비 너무 좋아요 토톰하고 부드럽습니다,사용감,긍정,부드
헬로키티 쓰다가 롤앤롤 상품평 좋아서 구매했는데 ㅠㅠ 재생휴지 같아요. 재구매는 안함,기타,긍정,기타
항상 잘 쓰고있습니다.,기타,중립,기타
저렴한 가격에 배송도 빨라서 좋아요,가격/가성비,긍정,가격
저렴한 가격에 배송도 빨라서 좋아요,가격/가성비,긍정,저렴
회사에서 여러번 구매해서 쓰고 잇어여 생각보다 질도 괜찮고 잘 사용하고 잇습니다 무엇보다 가성비 너무 좋아요,가격/가성비,긍정,가성비
먼지 안나고 참 좋아요. 시댁으로 하나 더 주문하려고요.,기타,긍정,기타
배송빠르네요 먼지 덜나고 두툼해서 좋네요,배송,긍정,빠르
가격 대비 제질이 아주 좋아요,가격/가성비,긍정,가격
잘 받았네요 배송빠르구요 많이 파세요,배송,긍정,빠르
후기가많길래 좋을거같아요!,기타,긍정,기타
잘사용하고 있습니다,기타,중립,기타
가격대비만족합니다 두툼해서좋아요,가격/가성비,긍정,가격
가성비좋아요 앞으로 가게서 쓰는 휴지이걸로 정했습니다,가격/가성비,긍정,가성비
휴지가 부드럽고 좋네요 잘 사용할게요,사용감,긍정,부드
도톰하니 좋군요ㅋㅋ,기능/성능,긍정,도톰
배송 정말빠르네요~,배송,긍정,빠르
배송빠르고 사용해본 결과 품질 만족합니다!!,배송,긍정,빠르
좋은 가격에 잘샀습니다. 감사합니다. 배송도 빠르네요.,가격/가성비,긍정,가격
좋은 가격에 잘샀습니다. 감사합니다. 배송도 빠르네요.,배송,긍정,빠르
두꺼워도 습관적으로 많이 뜯어 쓰는편이라 가격대비 좋은거 같아요,가격/가성비,긍정,가격
만족합니다~ 좋아요~,기타,긍정,기타
아주좋아요 좋아요 빨라요,기타,긍정,기타
배송도 빠르고 흡수도 좋아요,기능/성능,긍정,흡수
배송도 빠르고 흡수도 좋아요,배송,긍정,빠르
넉넉하니 잘 쓰겠습니다,기타,중립,기타
가성비가 좋았습니다,가격/가성비,긍정,가성비
좋아요 항상 쓰는 제품이예요,기타,긍정,기타
저렴하게 잘 구매한덧 같네여,가격/가성비,중립,저렴
가격도 적당해서 잘 쓰고 있습니다.,가격/가성비,중립,가격
부드럽고 느낌도 괜찮아요.,사용감,긍정,부드
배송 빠르고 잘왔어요~ 양도 넉넉하니 좋을듯,배송,긍정,빠르
배송정말빠르네여. 저렴하게 잘샀어요 감사합니다 ~~,가격/가성비,긍정,저렴
배송정말빠르네여. 저렴하게 잘샀어요 감사합니다 ~~,배송,긍정,빠르
빠른 배송 감사 합니다 많이 파세요,배송,긍정,빠른
배송빠르고 품질이 좋아요,배송,긍정,빠르
아주 좋아요 추천합니다!! 만족해요~,기타,긍정,기타
화장지가 없어 주문했습니다. 아직 사용전이라 잘 사용하겠습니다.,기타,중립,기타
배송빠르고 좋아요!!,배송,긍정,빠르
만족합니다다음에또주문할게요,기타,긍정,기타
질 좋은 휴지 싸게 사서 잘 쓰고 있어요!,기타,긍정,기타
싸고 대량으로 구매할수있어서 좋습니다,기타,긍정,기타
잘받앗습니다 ~~ 잘쓸께요,기타,중립,기타
배송빠르고 질도 최고입니다~,배송,긍정,빠르
가성비 좋아요 잘 쓰고 있어요,가격/가성비,긍정,가성비
배송도 빠르고 비닐 포장인데 비닐 손상됭 곳도 없이 잘 도착했네요.,배송,긍정,도착
배송도 빠르고 비닐 포장인데 비닐 손상됭 곳도 없이 잘 도착했네요.,배송,긍정,빠르
휴지떨어진다싶음 다시시켜쓰는중,기타,중립,기타
가성비 최고 좋아요,가격/가성비,긍정,가성비
배송도 빨리오고 좋와용,배송,긍정,빨리
대용량으로 잘샀어요!! 집에 둘 공간만 있다면 가격도 저렴하고 좋아요lsquo,가격/가성비,긍정,가격
대용량으로 잘샀어요!! 집에 둘 공간만 있다면 가격도 저렴하고 좋아요lsquo,가격/가성비,긍정,저렴
안전하게 잘 왔어요,기타,중립,기타
좋네요 많이파세요.,기타,긍정,기타
가성비 좋고 다음에도 또 구매할게요.,가격/가성비,긍정,가성비
개인정보 유출하고 검은머리 외국인 내세워 뻔뻔한곳보다 낫네요. 네이버포인트도 주니 계속 네이버로 구매하겠어요,기타,중립,기타
배송빠르고가성비좋아요,가격/가성비,긍정,가성비
배송빠르고가성비좋아요,배송,긍정,빠르
가격 합리적이고 좋아요.,가격/가성비,긍정,가격
가격 합리적이고 좋아요.,가격/가성비,긍정,합리
매번 잘사용하고있어요!,기타,중립,기타
아주좋습니다너무좋습니다,기타,긍정,기타
저렴해서 사용하기 좋네요,가격/가성비,긍정,저렴
잘받았습니다 감사합니다,기타,긍정,기타
잘 사용하고있어요. ㅎㅎ,기타,중립,기타
질도 좋고 잘 사용하고 있습니다,기타,긍정,기타
잘받았습니다. 또구매할게요,기타,중립,기타
좋아요 너무좋아요 너무좋아요,기타,긍정,기타
먼지안나고 두껍고 좋아요,사용감,긍정,두껍
후기가 좋아서 샀는데 정말 낚였나 싶을 만큼 실망스럽습니다.아무리 싸다고 해도 이렇게 거친 화장지는 처음 써봅니다.후기 쓰신분들이 모두 알바는 아닐텐데 이런 거친 화장지를 왜 부드럽고 좋다고 쓰셨는지..정말 청소용으로만 딱입니다.,사용감,긍정,부드
후기가 좋아서 샀는데 정말 낚였나 싶을 만큼 실망스럽습니다.아무리 싸다고 해도 이렇게 거친 화장지는 처음 써봅니다.후기 쓰신분들이 모두 알바는 아닐텐데 이런 거친 화장지를 왜 부드럽고 좋다고 쓰셨는지..정말 청소용으로만 딱입니다.,사용감,부정,부드
